2025-04-14 13:24:24.194  INFO 23040 --- [main] com.scenic.ai.ScenicAiApplication        : Starting ScenicAiApplication v1.0.14 using Java 17.0.10 with PID 23040 (D:\DevProjects\conghua_backend1\conghua_backend\target\scenic-ai-management-backend-1.0.14.jar started by localComputer in D:\DevProjects\conghua_backend1\conghua_backend)
2025-04-14 13:24:24.197 DEBUG 23040 --- [main] com.scenic.ai.ScenicAiApplication        : Running with Spring Boot v3.1.5, Spring v6.0.13
2025-04-14 13:24:24.199  INFO 23040 --- [main] com.scenic.ai.ScenicAiApplication        : No active profile set, falling back to 1 default profile: "default"
2025-04-14 13:24:27.680  INFO 23040 --- [main] o.s.b.w.embedded.tomcat.TomcatWebServer  : Tomcat initialized with port(s): 8080 (http)
2025-04-14 13:24:27.699  INFO 23040 --- [main] o.apache.catalina.core.StandardService   : Starting service [Tomcat]
2025-04-14 13:24:27.699  INFO 23040 --- [main] o.apache.catalina.core.StandardEngine    : Starting Servlet engine: [Apache Tomcat/10.1.15]
2025-04-14 13:24:28.499  INFO 23040 --- [main] org.apache.jasper.servlet.TldScanner     : At least one JAR was scanned for TLDs yet contained no TLDs. Enable debug logging for this logger for a complete list of JARs that were scanned but no TLDs were found in them. Skipping unneeded JARs during scanning can improve startup time and JSP compilation time.
2025-04-14 13:24:28.837  INFO 23040 --- [main] o.a.c.c.C.[Tomcat].[localhost].[/]       : Initializing Spring embedded WebApplicationContext
2025-04-14 13:24:28.837  INFO 23040 --- [main] w.s.c.ServletWebServerApplicationContext : Root WebApplicationContext: initialization completed in 4538 ms
2025-04-14 13:24:29.487 ERROR 23040 --- [main] c.b.m.core.MybatisConfiguration          : mapper[com.scenic.ai.mapper.AlertMapper.batchUpdateStatus] is ignored, because it exists, maybe from xml file
2025-04-14 13:24:29.496 ERROR 23040 --- [main] c.b.m.core.MybatisConfiguration          : mapper[com.scenic.ai.mapper.AlertMapper.findByStatus] is ignored, because it exists, maybe from xml file
2025-04-14 13:24:29.499 ERROR 23040 --- [main] c.b.m.core.MybatisConfiguration          : mapper[com.scenic.ai.mapper.AlertMapper.findByConditions] is ignored, because it exists, maybe from xml file
2025-04-14 13:24:29.502 ERROR 23040 --- [main] c.b.m.core.MybatisConfiguration          : mapper[com.scenic.ai.mapper.AlertMapper.countByTimeRange] is ignored, because it exists, maybe from xml file
2025-04-14 13:24:29.504 ERROR 23040 --- [main] c.b.m.core.MybatisConfiguration          : mapper[com.scenic.ai.mapper.AlertMapper.findByLevelAndStatus] is ignored, because it exists, maybe from xml file
2025-04-14 13:24:29.613 ERROR 23040 --- [main] c.b.m.core.MybatisConfiguration          : mapper[com.scenic.ai.mapper.CrowdStatisticsMapper.calculateAverageDensity] is ignored, because it exists, maybe from xml file
2025-04-14 13:24:29.617 ERROR 23040 --- [main] c.b.m.core.MybatisConfiguration          : mapper[com.scenic.ai.mapper.CrowdStatisticsMapper.findMaxCount] is ignored, because it exists, maybe from xml file
2025-04-14 13:24:29.618 ERROR 23040 --- [main] c.b.m.core.MybatisConfiguration          : mapper[com.scenic.ai.mapper.CrowdStatisticsMapper.countByHour] is ignored, because it exists, maybe from xml file
2025-04-14 13:24:29.619 ERROR 23040 --- [main] c.b.m.core.MybatisConfiguration          : mapper[com.scenic.ai.mapper.CrowdStatisticsMapper.findByConditions] is ignored, because it exists, maybe from xml file
2025-04-14 13:24:31.059  INFO 23040 --- [main] com.scenic.ai.config.WebConfig           : Initializing view resolver
2025-04-14 13:24:31.090  INFO 23040 --- [main] com.scenic.ai.config.WebConfig           : View resolver configuration:
2025-04-14 13:24:31.090  INFO 23040 --- [main] com.scenic.ai.config.WebConfig           : + Project Root Path: D:\DevProjects\conghua_backend1\conghua_backend
2025-04-14 13:24:31.101  INFO 23040 --- [main] com.scenic.ai.config.WebConfig           : + Webapp Path: D:\DevProjects\conghua_backend1\conghua_backend\src\main\webapp
2025-04-14 13:24:31.102  INFO 23040 --- [main] com.scenic.ai.config.WebConfig           : + View Prefix: /WEB-INF/jsp/
2025-04-14 13:24:31.106  INFO 23040 --- [main] com.scenic.ai.config.WebConfig           : + View Suffix: .jsp
2025-04-14 13:24:31.109  INFO 23040 --- [main] com.scenic.ai.config.WebConfig           : + Context Path: /
2025-04-14 13:24:31.109  INFO 23040 --- [main] com.scenic.ai.config.WebConfig           : + Example JSP File Path: D:\DevProjects\conghua_backend1\conghua_backend\src\main\webapp\WEB-INF\jsp
2025-04-14 13:24:31.749  INFO 23040 --- [main] o.s.b.a.e.web.EndpointLinksResolver      : Exposing 1 endpoint(s) beneath base path '/actuator'
2025-04-14 13:24:32.149  INFO 23040 --- [main] o.s.b.a.w.s.WelcomePageHandlerMapping    : Adding welcome page template: index
2025-04-14 13:24:32.370  INFO 23040 --- [main] com.scenic.ai.config.WebConfig           : Configuring resource handlers
2025-04-14 13:24:32.374  INFO 23040 --- [main] com.scenic.ai.config.WebConfig           : Resource mapping configuration:
2025-04-14 13:24:32.374  INFO 23040 --- [main] com.scenic.ai.config.WebConfig           : + Project Root Path: D:\DevProjects\conghua_backend1\conghua_backend
2025-04-14 13:24:32.375  INFO 23040 --- [main] com.scenic.ai.config.WebConfig           : + Static Resource URL Pattern: /static/**
2025-04-14 13:24:32.375  INFO 23040 --- [main] com.scenic.ai.config.WebConfig           : + Static Resource Location 1: classpath:/static/
2025-04-14 13:24:32.375  INFO 23040 --- [main] com.scenic.ai.config.WebConfig           : + Static Resource Location 2: classpath:/META-INF/resources/
2025-04-14 13:24:32.375  INFO 23040 --- [main] com.scenic.ai.config.WebConfig           : + JSP Resource URL Pattern: /WEB-INF/jsp/**
2025-04-14 13:24:32.375  INFO 23040 --- [main] com.scenic.ai.config.WebConfig           : + JSP Resource Location: D:\DevProjects\conghua_backend1\conghua_backend\src\main\webapp\WEB-INF\jsp
2025-04-14 13:24:32.417 DEBUG 23040 --- [main] com.scenic.ai.config.WebConfig           : Configuring view resolver registry
2025-04-14 13:24:32.884  INFO 23040 --- [main] o.s.b.w.embedded.tomcat.TomcatWebServer  : Tomcat started on port(s): 8080 (http) with context path ''
2025-04-14 13:24:32.921  INFO 23040 --- [main] com.scenic.ai.ScenicAiApplication        : Started ScenicAiApplication in 9.936 seconds (process running for 10.67)
2025-04-14 13:25:00.005  INFO 23040 --- [scheduled-task-1] com.scenic.ai.service.SchedulerService   : 开始检查告警条件
2025-04-14 13:25:00.022  INFO 23040 --- [scheduled-task-1] com.zaxxer.hikari.HikariDataSource       : HikariCP - Starting...
2025-04-14 13:25:06.237 ERROR 23040 --- [scheduled-task-1] com.zaxxer.hikari.pool.HikariPool        : HikariCP - Exception during pool initialization.

dm.jdbc.driver.DMException: 网络通信异常
	at dm.jdbc.driver.DBError.throwException(SourceFile:847)
	at dm.jdbc.a.a.init(SourceFile:215)
	at dm.jdbc.a.a.<init>(SourceFile:182)
	at dm.jdbc.driver.DmdbConnection.openConnection(SourceFile:761)
	at dm.jdbc.internal.conf.EP.connect(SourceFile:145)
	at dm.jdbc.internal.conf.EPGroup$EPSelector.select(SourceFile:497)
	at dm.jdbc.internal.conf.EPGroup.connect(SourceFile:340)
	at dm.jdbc.driver.DmDriver.do_connect(SourceFile:164)
	at dm.jdbc.driver.DmDriver.connect(SourceFile:450)
	at com.zaxxer.hikari.util.DriverDataSource.getConnection(DriverDataSource.java:138)
	at com.zaxxer.hikari.pool.PoolBase.newConnection(PoolBase.java:359)
	at com.zaxxer.hikari.pool.PoolBase.newPoolEntry(PoolBase.java:201)
	at com.zaxxer.hikari.pool.HikariPool.createPoolEntry(HikariPool.java:470)
	at com.zaxxer.hikari.pool.HikariPool.checkFailFast(HikariPool.java:561)
	at com.zaxxer.hikari.pool.HikariPool.<init>(HikariPool.java:100)
	at com.zaxxer.hikari.HikariDataSource.getConnection(HikariDataSource.java:112)
	at org.springframework.jdbc.datasource.DataSourceTransactionManager.doBegin(DataSourceTransactionManager.java:269)
	at org.springframework.transaction.support.AbstractPlatformTransactionManager.startTransaction(AbstractPlatformTransactionManager.java:400)
	at org.springframework.transaction.support.AbstractPlatformTransactionManager.getTransaction(AbstractPlatformTransactionManager.java:373)
	at org.springframework.transaction.interceptor.TransactionAspectSupport.createTransactionIfNecessary(TransactionAspectSupport.java:601)
	at org.springframework.transaction.interceptor.TransactionAspectSupport.invokeWithinTransaction(TransactionAspectSupport.java:385)
	at org.springframework.transaction.interceptor.TransactionInterceptor.invoke(TransactionInterceptor.java:119)
	at org.springframework.aop.framework.ReflectiveMethodInvocation.proceed(ReflectiveMethodInvocation.java:184)
	at org.springframework.aop.framework.CglibAopProxy$CglibMethodInvocation.proceed(CglibAopProxy.java:751)
	at org.springframework.aop.framework.CglibAopProxy$DynamicAdvisedInterceptor.intercept(CglibAopProxy.java:703)
	at com.scenic.ai.service.impl.CrowdCountServiceImpl$$SpringCGLIB$$0.findExceedThresholdCounts(<generated>)
	at com.scenic.ai.service.SchedulerService.checkFlowAlerts(SchedulerService.java:53)
	at com.scenic.ai.service.SchedulerService.checkAlerts(SchedulerService.java:39)
	at java.base/jdk.internal.reflect.NativeMethodAccessorImpl.invoke0(Native Method)
	at java.base/jdk.internal.reflect.NativeMethodAccessorImpl.invoke(NativeMethodAccessorImpl.java:77)
	at java.base/jdk.internal.reflect.DelegatingMethodAccessorImpl.invoke(DelegatingMethodAccessorImpl.java:43)
	at java.base/java.lang.reflect.Method.invoke(Method.java:568)
	at org.springframework.scheduling.support.ScheduledMethodRunnable.run(ScheduledMethodRunnable.java:84)
	at org.springframework.scheduling.support.DelegatingErrorHandlingRunnable.run(DelegatingErrorHandlingRunnable.java:54)
	at org.springframework.scheduling.concurrent.ReschedulingRunnable.run(ReschedulingRunnable.java:96)
	at java.base/java.util.concurrent.Executors$RunnableAdapter.call(Executors.java:539)
	at java.base/java.util.concurrent.FutureTask.run(FutureTask.java:264)
	at java.base/java.util.concurrent.ScheduledThreadPoolExecutor$ScheduledFutureTask.run(ScheduledThreadPoolExecutor.java:304)
	at java.base/java.util.concurrent.ThreadPoolExecutor.runWorker(ThreadPoolExecutor.java:1136)
	at java.base/java.util.concurrent.ThreadPoolExecutor$Worker.run(ThreadPoolExecutor.java:635)
	at java.base/java.lang.Thread.run(Thread.java:842)
Caused by: java.net.SocketTimeoutException: Connect timed out
	at java.base/sun.nio.ch.NioSocketImpl.timedFinishConnect(NioSocketImpl.java:551)
	at java.base/sun.nio.ch.NioSocketImpl.connect(NioSocketImpl.java:602)
	at java.base/java.net.SocksSocketImpl.connect(SocksSocketImpl.java:327)
	at java.base/java.net.Socket.connect(Socket.java:633)
	at dm.jdbc.a.c.d(SourceFile:110)
	at dm.jdbc.a.c.b(SourceFile:68)
	at dm.jdbc.a.c.g(SourceFile:1)
	at dm.jdbc.a.a.init(SourceFile:209)
	... 39 common frames omitted

2025-04-14 13:25:06.258 ERROR 23040 --- [scheduled-task-1] com.scenic.ai.service.SchedulerService   : 告警检查失败

org.springframework.transaction.CannotCreateTransactionException: Could not open JDBC Connection for transaction
	at org.springframework.jdbc.datasource.DataSourceTransactionManager.doBegin(DataSourceTransactionManager.java:313)
	at org.springframework.transaction.support.AbstractPlatformTransactionManager.startTransaction(AbstractPlatformTransactionManager.java:400)
	at org.springframework.transaction.support.AbstractPlatformTransactionManager.getTransaction(AbstractPlatformTransactionManager.java:373)
	at org.springframework.transaction.interceptor.TransactionAspectSupport.createTransactionIfNecessary(TransactionAspectSupport.java:601)
	at org.springframework.transaction.interceptor.TransactionAspectSupport.invokeWithinTransaction(TransactionAspectSupport.java:385)
	at org.springframework.transaction.interceptor.TransactionInterceptor.invoke(TransactionInterceptor.java:119)
	at org.springframework.aop.framework.ReflectiveMethodInvocation.proceed(ReflectiveMethodInvocation.java:184)
	at org.springframework.aop.framework.CglibAopProxy$CglibMethodInvocation.proceed(CglibAopProxy.java:751)
	at org.springframework.aop.framework.CglibAopProxy$DynamicAdvisedInterceptor.intercept(CglibAopProxy.java:703)
	at com.scenic.ai.service.impl.CrowdCountServiceImpl$$SpringCGLIB$$0.findExceedThresholdCounts(<generated>)
	at com.scenic.ai.service.SchedulerService.checkFlowAlerts(SchedulerService.java:53)
	at com.scenic.ai.service.SchedulerService.checkAlerts(SchedulerService.java:39)
	at java.base/jdk.internal.reflect.NativeMethodAccessorImpl.invoke0(Native Method)
	at java.base/jdk.internal.reflect.NativeMethodAccessorImpl.invoke(NativeMethodAccessorImpl.java:77)
	at java.base/jdk.internal.reflect.DelegatingMethodAccessorImpl.invoke(DelegatingMethodAccessorImpl.java:43)
	at java.base/java.lang.reflect.Method.invoke(Method.java:568)
	at org.springframework.scheduling.support.ScheduledMethodRunnable.run(ScheduledMethodRunnable.java:84)
	at org.springframework.scheduling.support.DelegatingErrorHandlingRunnable.run(DelegatingErrorHandlingRunnable.java:54)
	at org.springframework.scheduling.concurrent.ReschedulingRunnable.run(ReschedulingRunnable.java:96)
	at java.base/java.util.concurrent.Executors$RunnableAdapter.call(Executors.java:539)
	at java.base/java.util.concurrent.FutureTask.run(FutureTask.java:264)
	at java.base/java.util.concurrent.ScheduledThreadPoolExecutor$ScheduledFutureTask.run(ScheduledThreadPoolExecutor.java:304)
	at java.base/java.util.concurrent.ThreadPoolExecutor.runWorker(ThreadPoolExecutor.java:1136)
	at java.base/java.util.concurrent.ThreadPoolExecutor$Worker.run(ThreadPoolExecutor.java:635)
	at java.base/java.lang.Thread.run(Thread.java:842)
Caused by: dm.jdbc.driver.DMException: 网络通信异常
	at dm.jdbc.driver.DBError.throwException(SourceFile:847)
	at dm.jdbc.a.a.init(SourceFile:215)
	at dm.jdbc.a.a.<init>(SourceFile:182)
	at dm.jdbc.driver.DmdbConnection.openConnection(SourceFile:761)
	at dm.jdbc.internal.conf.EP.connect(SourceFile:145)
	at dm.jdbc.internal.conf.EPGroup$EPSelector.select(SourceFile:497)
	at dm.jdbc.internal.conf.EPGroup.connect(SourceFile:340)
	at dm.jdbc.driver.DmDriver.do_connect(SourceFile:164)
	at dm.jdbc.driver.DmDriver.connect(SourceFile:450)
	at com.zaxxer.hikari.util.DriverDataSource.getConnection(DriverDataSource.java:138)
	at com.zaxxer.hikari.pool.PoolBase.newConnection(PoolBase.java:359)
	at com.zaxxer.hikari.pool.PoolBase.newPoolEntry(PoolBase.java:201)
	at com.zaxxer.hikari.pool.HikariPool.createPoolEntry(HikariPool.java:470)
	at com.zaxxer.hikari.pool.HikariPool.checkFailFast(HikariPool.java:561)
	at com.zaxxer.hikari.pool.HikariPool.<init>(HikariPool.java:100)
	at com.zaxxer.hikari.HikariDataSource.getConnection(HikariDataSource.java:112)
	at org.springframework.jdbc.datasource.DataSourceTransactionManager.doBegin(DataSourceTransactionManager.java:269)
	... 24 common frames omitted
Caused by: java.net.SocketTimeoutException: Connect timed out
	at java.base/sun.nio.ch.NioSocketImpl.timedFinishConnect(NioSocketImpl.java:551)
	at java.base/sun.nio.ch.NioSocketImpl.connect(NioSocketImpl.java:602)
	at java.base/java.net.SocksSocketImpl.connect(SocksSocketImpl.java:327)
	at java.base/java.net.Socket.connect(Socket.java:633)
	at dm.jdbc.a.c.d(SourceFile:110)
	at dm.jdbc.a.c.b(SourceFile:68)
	at dm.jdbc.a.c.g(SourceFile:1)
	at dm.jdbc.a.a.init(SourceFile:209)
	... 39 common frames omitted

2025-04-14 13:25:06.279 ERROR 23040 --- [scheduled-task-1] com.scenic.ai.config.SchedulerConfig     : Error in scheduled task

org.springframework.transaction.CannotCreateTransactionException: Could not open JDBC Connection for transaction
	at org.springframework.jdbc.datasource.DataSourceTransactionManager.doBegin(DataSourceTransactionManager.java:313)
	at org.springframework.transaction.support.AbstractPlatformTransactionManager.startTransaction(AbstractPlatformTransactionManager.java:400)
	at org.springframework.transaction.support.AbstractPlatformTransactionManager.getTransaction(AbstractPlatformTransactionManager.java:373)
	at org.springframework.transaction.interceptor.TransactionAspectSupport.createTransactionIfNecessary(TransactionAspectSupport.java:601)
	at org.springframework.transaction.interceptor.TransactionAspectSupport.invokeWithinTransaction(TransactionAspectSupport.java:385)
	at org.springframework.transaction.interceptor.TransactionInterceptor.invoke(TransactionInterceptor.java:119)
	at org.springframework.aop.framework.ReflectiveMethodInvocation.proceed(ReflectiveMethodInvocation.java:184)
	at org.springframework.aop.framework.CglibAopProxy$CglibMethodInvocation.proceed(CglibAopProxy.java:751)
	at org.springframework.aop.framework.CglibAopProxy$DynamicAdvisedInterceptor.intercept(CglibAopProxy.java:703)
	at com.scenic.ai.service.impl.CrowdCountServiceImpl$$SpringCGLIB$$0.findExceedThresholdCounts(<generated>)
	at com.scenic.ai.service.SchedulerService.checkFlowAlerts(SchedulerService.java:53)
	at com.scenic.ai.service.SchedulerService.checkAlerts(SchedulerService.java:39)
	at java.base/jdk.internal.reflect.NativeMethodAccessorImpl.invoke0(Native Method)
	at java.base/jdk.internal.reflect.NativeMethodAccessorImpl.invoke(NativeMethodAccessorImpl.java:77)
	at java.base/jdk.internal.reflect.DelegatingMethodAccessorImpl.invoke(DelegatingMethodAccessorImpl.java:43)
	at java.base/java.lang.reflect.Method.invoke(Method.java:568)
	at org.springframework.scheduling.support.ScheduledMethodRunnable.run(ScheduledMethodRunnable.java:84)
	at org.springframework.scheduling.support.DelegatingErrorHandlingRunnable.run(DelegatingErrorHandlingRunnable.java:54)
	at org.springframework.scheduling.concurrent.ReschedulingRunnable.run(ReschedulingRunnable.java:96)
	at java.base/java.util.concurrent.Executors$RunnableAdapter.call(Executors.java:539)
	at java.base/java.util.concurrent.FutureTask.run(FutureTask.java:264)
	at java.base/java.util.concurrent.ScheduledThreadPoolExecutor$ScheduledFutureTask.run(ScheduledThreadPoolExecutor.java:304)
	at java.base/java.util.concurrent.ThreadPoolExecutor.runWorker(ThreadPoolExecutor.java:1136)
	at java.base/java.util.concurrent.ThreadPoolExecutor$Worker.run(ThreadPoolExecutor.java:635)
	at java.base/java.lang.Thread.run(Thread.java:842)
Caused by: dm.jdbc.driver.DMException: 网络通信异常
	at dm.jdbc.driver.DBError.throwException(SourceFile:847)
	at dm.jdbc.a.a.init(SourceFile:215)
	at dm.jdbc.a.a.<init>(SourceFile:182)
	at dm.jdbc.driver.DmdbConnection.openConnection(SourceFile:761)
	at dm.jdbc.internal.conf.EP.connect(SourceFile:145)
	at dm.jdbc.internal.conf.EPGroup$EPSelector.select(SourceFile:497)
	at dm.jdbc.internal.conf.EPGroup.connect(SourceFile:340)
	at dm.jdbc.driver.DmDriver.do_connect(SourceFile:164)
	at dm.jdbc.driver.DmDriver.connect(SourceFile:450)
	at com.zaxxer.hikari.util.DriverDataSource.getConnection(DriverDataSource.java:138)
	at com.zaxxer.hikari.pool.PoolBase.newConnection(PoolBase.java:359)
	at com.zaxxer.hikari.pool.PoolBase.newPoolEntry(PoolBase.java:201)
	at com.zaxxer.hikari.pool.HikariPool.createPoolEntry(HikariPool.java:470)
	at com.zaxxer.hikari.pool.HikariPool.checkFailFast(HikariPool.java:561)
	at com.zaxxer.hikari.pool.HikariPool.<init>(HikariPool.java:100)
	at com.zaxxer.hikari.HikariDataSource.getConnection(HikariDataSource.java:112)
	at org.springframework.jdbc.datasource.DataSourceTransactionManager.doBegin(DataSourceTransactionManager.java:269)
	... 24 common frames omitted
Caused by: java.net.SocketTimeoutException: Connect timed out
	at java.base/sun.nio.ch.NioSocketImpl.timedFinishConnect(NioSocketImpl.java:551)
	at java.base/sun.nio.ch.NioSocketImpl.connect(NioSocketImpl.java:602)
	at java.base/java.net.SocksSocketImpl.connect(SocksSocketImpl.java:327)
	at java.base/java.net.Socket.connect(Socket.java:633)
	at dm.jdbc.a.c.d(SourceFile:110)
	at dm.jdbc.a.c.b(SourceFile:68)
	at dm.jdbc.a.c.g(SourceFile:1)
	at dm.jdbc.a.a.init(SourceFile:209)
	... 39 common frames omitted

2025-04-14 13:29:33.077  INFO 25160 --- [main] com.scenic.ai.ScenicAiApplication        : Starting ScenicAiApplication v1.0.14 using Java 17.0.10 with PID 25160 (D:\DevProjects\conghua_backend1\conghua_backend\target\scenic-ai-management-backend-1.0.14.jar started by localComputer in D:\DevProjects\conghua_backend1\conghua_backend)
2025-04-14 13:29:33.084 DEBUG 25160 --- [main] com.scenic.ai.ScenicAiApplication        : Running with Spring Boot v3.1.5, Spring v6.0.13
2025-04-14 13:29:33.087  INFO 25160 --- [main] com.scenic.ai.ScenicAiApplication        : No active profile set, falling back to 1 default profile: "default"
2025-04-14 13:29:38.547  INFO 25160 --- [main] o.s.b.w.embedded.tomcat.TomcatWebServer  : Tomcat initialized with port(s): 8080 (http)
2025-04-14 13:29:38.583  INFO 25160 --- [main] o.apache.catalina.core.StandardService   : Starting service [Tomcat]
2025-04-14 13:29:38.584  INFO 25160 --- [main] o.apache.catalina.core.StandardEngine    : Starting Servlet engine: [Apache Tomcat/10.1.15]
2025-04-14 13:29:40.040  INFO 25160 --- [main] org.apache.jasper.servlet.TldScanner     : At least one JAR was scanned for TLDs yet contained no TLDs. Enable debug logging for this logger for a complete list of JARs that were scanned but no TLDs were found in them. Skipping unneeded JARs during scanning can improve startup time and JSP compilation time.
2025-04-14 13:29:40.695  INFO 25160 --- [main] w.s.c.ServletWebServerApplicationContext : Root WebApplicationContext: initialization completed in 7410 ms
2025-04-14 13:29:42.033 ERROR 25160 --- [main] c.b.m.core.MybatisConfiguration          : mapper[com.scenic.ai.mapper.AlertMapper.countByTimeRange] is ignored, because it exists, maybe from xml file
2025-04-14 13:29:42.035 ERROR 25160 --- [main] c.b.m.core.MybatisConfiguration          : mapper[com.scenic.ai.mapper.AlertMapper.findByStatus] is ignored, because it exists, maybe from xml file
2025-04-14 13:29:42.043 ERROR 25160 --- [main] c.b.m.core.MybatisConfiguration          : mapper[com.scenic.ai.mapper.AlertMapper.findByConditions] is ignored, because it exists, maybe from xml file
2025-04-14 13:29:42.046 ERROR 25160 --- [main] c.b.m.core.MybatisConfiguration          : mapper[com.scenic.ai.mapper.AlertMapper.findByLevelAndStatus] is ignored, because it exists, maybe from xml file
2025-04-14 13:29:42.060 ERROR 25160 --- [main] c.b.m.core.MybatisConfiguration          : mapper[com.scenic.ai.mapper.AlertMapper.batchUpdateStatus] is ignored, because it exists, maybe from xml file
2025-04-14 13:29:42.249 ERROR 25160 --- [main] c.b.m.core.MybatisConfiguration          : mapper[com.scenic.ai.mapper.CrowdStatisticsMapper.findByConditions] is ignored, because it exists, maybe from xml file
2025-04-14 13:29:42.252 ERROR 25160 --- [main] c.b.m.core.MybatisConfiguration          : mapper[com.scenic.ai.mapper.CrowdStatisticsMapper.countByHour] is ignored, because it exists, maybe from xml file
2025-04-14 13:29:42.254 ERROR 25160 --- [main] c.b.m.core.MybatisConfiguration          : mapper[com.scenic.ai.mapper.CrowdStatisticsMapper.calculateAverageDensity] is ignored, because it exists, maybe from xml file
2025-04-14 13:29:42.258 ERROR 25160 --- [main] c.b.m.core.MybatisConfiguration          : mapper[com.scenic.ai.mapper.CrowdStatisticsMapper.findMaxCount] is ignored, because it exists, maybe from xml file
2025-04-14 13:29:43.619  INFO 25160 --- [main] com.scenic.ai.config.WebConfig           : Initializing view resolver
2025-04-14 13:29:43.635  INFO 25160 --- [main] com.scenic.ai.config.WebConfig           : View resolver configuration:
2025-04-14 13:29:43.640  INFO 25160 --- [main] com.scenic.ai.config.WebConfig           : + Project Root Path: D:\DevProjects\conghua_backend1\conghua_backend
2025-04-14 13:29:43.646  INFO 25160 --- [main] com.scenic.ai.config.WebConfig           : + Webapp Path: D:\DevProjects\conghua_backend1\conghua_backend\src\main\webapp
2025-04-14 13:29:43.646  INFO 25160 --- [main] com.scenic.ai.config.WebConfig           : + View Prefix: /WEB-INF/jsp/
2025-04-14 13:29:43.647  INFO 25160 --- [main] com.scenic.ai.config.WebConfig           : + View Suffix: .jsp
2025-04-14 13:29:43.648  INFO 25160 --- [main] com.scenic.ai.config.WebConfig           : + Context Path: /
2025-04-14 13:29:43.650  INFO 25160 --- [main] com.scenic.ai.config.WebConfig           : + Example JSP File Path: D:\DevProjects\conghua_backend1\conghua_backend\src\main\webapp\WEB-INF\jsp
2025-04-14 13:29:44.344  INFO 25160 --- [main] o.s.b.a.e.web.EndpointLinksResolver      : Exposing 1 endpoint(s) beneath base path '/actuator'
2025-04-14 13:29:44.921  INFO 25160 --- [main] o.s.b.a.w.s.WelcomePageHandlerMapping    : Adding welcome page template: index
2025-04-14 13:29:45.104  INFO 25160 --- [main] com.scenic.ai.config.WebConfig           : Configuring resource handlers
2025-04-14 13:29:45.106  INFO 25160 --- [main] com.scenic.ai.config.WebConfig           : Resource mapping configuration:
2025-04-14 13:29:45.107  INFO 25160 --- [main] com.scenic.ai.config.WebConfig           : + Project Root Path: D:\DevProjects\conghua_backend1\conghua_backend
2025-04-14 13:29:45.108  INFO 25160 --- [main] com.scenic.ai.config.WebConfig           : + Static Resource URL Pattern: /static/**
2025-04-14 13:29:45.109  INFO 25160 --- [main] com.scenic.ai.config.WebConfig           : + Static Resource Location 1: classpath:/static/
2025-04-14 13:29:45.110  INFO 25160 --- [main] com.scenic.ai.config.WebConfig           : + Static Resource Location 2: classpath:/META-INF/resources/
2025-04-14 13:29:45.113  INFO 25160 --- [main] com.scenic.ai.config.WebConfig           : + JSP Resource URL Pattern: /WEB-INF/jsp/**
2025-04-14 13:29:45.115  INFO 25160 --- [main] com.scenic.ai.config.WebConfig           : + JSP Resource Location: D:\DevProjects\conghua_backend1\conghua_backend\src\main\webapp\WEB-INF\jsp
2025-04-14 13:29:45.187 DEBUG 25160 --- [main] com.scenic.ai.config.WebConfig           : Configuring view resolver registry
2025-04-14 13:29:45.756  INFO 25160 --- [main] o.s.b.w.embedded.tomcat.TomcatWebServer  : Tomcat started on port(s): 8080 (http) with context path ''
2025-04-14 13:29:45.798  INFO 25160 --- [main] com.scenic.ai.ScenicAiApplication        : Started ScenicAiApplication in 14.658 seconds (process running for 15.903)
2025-04-14 13:33:51.660  INFO 784 --- [main] com.scenic.ai.ScenicAiApplication        : Starting ScenicAiApplication v1.0.15 using Java 17.0.10 with PID 784 (D:\DevProjects\conghua_backend1\conghua_backend\target\scenic-ai-management-backend-1.0.15.jar started by localComputer in D:\DevProjects\conghua_backend1\conghua_backend)
2025-04-14 13:33:51.663 DEBUG 784 --- [main] com.scenic.ai.ScenicAiApplication        : Running with Spring Boot v3.1.5, Spring v6.0.13
2025-04-14 13:33:51.664  INFO 784 --- [main] com.scenic.ai.ScenicAiApplication        : No active profile set, falling back to 1 default profile: "default"
2025-04-14 13:35:42.124  INFO 1812 --- [main] com.scenic.ai.ScenicAiApplication        : Starting ScenicAiApplication v1.0.16 using Java 17.0.10 with PID 1812 (D:\DevProjects\conghua_backend1\conghua_backend\target\scenic-ai-management-backend-1.0.16.jar started by localComputer in D:\DevProjects\conghua_backend1\conghua_backend)
2025-04-14 13:35:42.127 DEBUG 1812 --- [main] com.scenic.ai.ScenicAiApplication        : Running with Spring Boot v3.1.5, Spring v6.0.13
2025-04-14 13:35:42.132  INFO 1812 --- [main] com.scenic.ai.ScenicAiApplication        : No active profile set, falling back to 1 default profile: "default"
2025-04-14 13:35:45.862  INFO 1812 --- [main] o.s.b.w.embedded.tomcat.TomcatWebServer  : Tomcat initialized with port(s): 8080 (http)
2025-04-14 13:35:45.878  INFO 1812 --- [main] o.apache.catalina.core.StandardService   : Starting service [Tomcat]
2025-04-14 13:35:45.878  INFO 1812 --- [main] o.apache.catalina.core.StandardEngine    : Starting Servlet engine: [Apache Tomcat/10.1.15]
2025-04-14 13:35:46.386  INFO 1812 --- [main] org.apache.jasper.servlet.TldScanner     : At least one JAR was scanned for TLDs yet contained no TLDs. Enable debug logging for this logger for a complete list of JARs that were scanned but no TLDs were found in them. Skipping unneeded JARs during scanning can improve startup time and JSP compilation time.
2025-04-14 13:35:46.725  INFO 1812 --- [main] o.a.c.c.C.[Tomcat].[localhost].[/]       : Initializing Spring embedded WebApplicationContext
2025-04-14 13:35:46.725  INFO 1812 --- [main] w.s.c.ServletWebServerApplicationContext : Root WebApplicationContext: initialization completed in 4464 ms
2025-04-14 13:35:47.690 ERROR 1812 --- [main] c.b.m.core.MybatisConfiguration          : mapper[com.scenic.ai.mapper.AlertMapper.batchUpdateStatus] is ignored, because it exists, maybe from xml file
2025-04-14 13:35:47.693 ERROR 1812 --- [main] c.b.m.core.MybatisConfiguration          : mapper[com.scenic.ai.mapper.AlertMapper.countByTimeRange] is ignored, because it exists, maybe from xml file
2025-04-14 13:35:47.697 ERROR 1812 --- [main] c.b.m.core.MybatisConfiguration          : mapper[com.scenic.ai.mapper.AlertMapper.findByConditions] is ignored, because it exists, maybe from xml file
2025-04-14 13:35:47.699 ERROR 1812 --- [main] c.b.m.core.MybatisConfiguration          : mapper[com.scenic.ai.mapper.AlertMapper.findByStatus] is ignored, because it exists, maybe from xml file
2025-04-14 13:35:47.702 ERROR 1812 --- [main] c.b.m.core.MybatisConfiguration          : mapper[com.scenic.ai.mapper.AlertMapper.findByLevelAndStatus] is ignored, because it exists, maybe from xml file
2025-04-14 13:35:47.845 ERROR 1812 --- [main] c.b.m.core.MybatisConfiguration          : mapper[com.scenic.ai.mapper.CrowdStatisticsMapper.countByHour] is ignored, because it exists, maybe from xml file
2025-04-14 13:35:47.845 ERROR 1812 --- [main] c.b.m.core.MybatisConfiguration          : mapper[com.scenic.ai.mapper.CrowdStatisticsMapper.findByConditions] is ignored, because it exists, maybe from xml file
2025-04-14 13:35:47.845 ERROR 1812 --- [main] c.b.m.core.MybatisConfiguration          : mapper[com.scenic.ai.mapper.CrowdStatisticsMapper.calculateAverageDensity] is ignored, because it exists, maybe from xml file
2025-04-14 13:35:47.845 ERROR 1812 --- [main] c.b.m.core.MybatisConfiguration          : mapper[com.scenic.ai.mapper.CrowdStatisticsMapper.findMaxCount] is ignored, because it exists, maybe from xml file
2025-04-14 13:35:48.699  INFO 1812 --- [main] com.scenic.ai.config.WebConfig           : Initializing view resolver
2025-04-14 13:35:48.708  INFO 1812 --- [main] com.scenic.ai.config.WebConfig           : View resolver configuration:
2025-04-14 13:35:48.708  INFO 1812 --- [main] com.scenic.ai.config.WebConfig           : + View Prefix: /WEB-INF/jsp/
2025-04-14 13:35:48.715  INFO 1812 --- [main] com.scenic.ai.config.WebConfig           : + View Suffix: .jsp
2025-04-14 13:35:48.715  INFO 1812 --- [main] com.scenic.ai.config.WebConfig           : + Context Path: /
2025-04-14 13:35:49.138  INFO 1812 --- [main] o.s.b.a.e.web.EndpointLinksResolver      : Exposing 1 endpoint(s) beneath base path '/actuator'
2025-04-14 13:35:49.461  INFO 1812 --- [main] o.s.b.a.w.s.WelcomePageHandlerMapping    : Adding welcome page template: index
2025-04-14 13:35:49.567  INFO 1812 --- [main] com.scenic.ai.config.WebConfig           : Configuring resource handlers
2025-04-14 13:35:49.568  INFO 1812 --- [main] com.scenic.ai.config.WebConfig           : Resource mapping configuration:
2025-04-14 13:35:49.569  INFO 1812 --- [main] com.scenic.ai.config.WebConfig           : + Static Resource Locations: classpath:/static/, classpath:/META-INF/resources/
2025-04-14 13:35:49.570  INFO 1812 --- [main] com.scenic.ai.config.WebConfig           : + JSP Resource Location: classpath:/META-INF/resources/WEB-INF/jsp/
2025-04-14 13:35:49.609 DEBUG 1812 --- [main] com.scenic.ai.config.WebConfig           : Configuring view resolver registry
2025-04-14 13:35:49.969  INFO 1812 --- [main] o.s.b.w.embedded.tomcat.TomcatWebServer  : Tomcat started on port(s): 8080 (http) with context path ''
2025-04-14 13:35:50.002  INFO 1812 --- [main] com.scenic.ai.ScenicAiApplication        : Started ScenicAiApplication in 9.313 seconds (process running for 9.878)
2025-04-14 14:26:47.193  INFO 18408 --- [main] com.scenic.ai.ScenicAiApplication        : Starting ScenicAiApplication v1.0.14 using Java 17.0.10 with PID 18408 (D:\DevProjects\conghua_backend1\conghua_backend\target\scenic-ai-management-backend.war started by localComputer in D:\DevProjects\conghua_backend1\conghua_backend)
2025-04-14 14:26:47.197 DEBUG 18408 --- [main] com.scenic.ai.ScenicAiApplication        : Running with Spring Boot v3.1.5, Spring v6.0.13
2025-04-14 14:26:47.199  INFO 18408 --- [main] com.scenic.ai.ScenicAiApplication        : No active profile set, falling back to 1 default profile: "default"
2025-04-14 14:26:49.382  INFO 18408 --- [main] .s.d.r.c.RepositoryConfigurationDelegate : Multiple Spring Data modules found, entering strict repository configuration mode
2025-04-14 14:26:49.390  INFO 18408 --- [main] .s.d.r.c.RepositoryConfigurationDelegate : Bootstrapping Spring Data Redis repositories in DEFAULT mode.
2025-04-14 14:26:49.440  INFO 18408 --- [main] .s.d.r.c.RepositoryConfigurationDelegate : Finished Spring Data repository scanning in 24 ms. Found 0 Redis repository interfaces.
2025-04-14 14:26:51.024  INFO 18408 --- [main] o.s.b.w.embedded.tomcat.TomcatWebServer  : Tomcat initialized with port(s): 8080 (http)
2025-04-14 14:26:51.048  INFO 18408 --- [main] o.apache.catalina.core.StandardService   : Starting service [Tomcat]
2025-04-14 14:26:51.051  INFO 18408 --- [main] o.apache.catalina.core.StandardEngine    : Starting Servlet engine: [Apache Tomcat/10.1.15]
2025-04-14 14:26:53.049  INFO 18408 --- [main] org.apache.jasper.servlet.TldScanner     : At least one JAR was scanned for TLDs yet contained no TLDs. Enable debug logging for this logger for a complete list of JARs that were scanned but no TLDs were found in them. Skipping unneeded JARs during scanning can improve startup time and JSP compilation time.
2025-04-14 14:26:53.153  INFO 18408 --- [main] o.a.c.c.C.[.[localhost].[/scenic-ai]     : Initializing Spring embedded WebApplicationContext
2025-04-14 14:26:53.153  INFO 18408 --- [main] w.s.c.ServletWebServerApplicationContext : Root WebApplicationContext: initialization completed in 5855 ms
2025-04-14 14:26:53.982 ERROR 18408 --- [main] c.b.m.core.MybatisConfiguration          : mapper[com.scenic.ai.mapper.AlertMapper.findByLevelAndStatus] is ignored, because it exists, maybe from xml file
2025-04-14 14:26:53.991 ERROR 18408 --- [main] c.b.m.core.MybatisConfiguration          : mapper[com.scenic.ai.mapper.AlertMapper.batchUpdateStatus] is ignored, because it exists, maybe from xml file
2025-04-14 14:26:53.997 ERROR 18408 --- [main] c.b.m.core.MybatisConfiguration          : mapper[com.scenic.ai.mapper.AlertMapper.findByConditions] is ignored, because it exists, maybe from xml file
2025-04-14 14:26:54.000 ERROR 18408 --- [main] c.b.m.core.MybatisConfiguration          : mapper[com.scenic.ai.mapper.AlertMapper.countByTimeRange] is ignored, because it exists, maybe from xml file
2025-04-14 14:26:54.002 ERROR 18408 --- [main] c.b.m.core.MybatisConfiguration          : mapper[com.scenic.ai.mapper.AlertMapper.findByStatus] is ignored, because it exists, maybe from xml file
2025-04-14 14:26:54.099  WARN 18408 --- [main] ConfigServletWebServerApplicationContext : Exception encountered during context initialization - cancelling refresh attempt: org.springframework.beans.factory.UnsatisfiedDependencyException: Error creating bean with name 'alertController': Unsatisfied dependency expressed through field 'alertService': Error creating bean with name 'alertServiceImpl': Unsatisfied dependency expressed through field 'baseMapper': Error creating bean with name 'alertMapper' defined in URL [jar:file:/D:/DevProjects/conghua_backend1/conghua_backend/target/scenic-ai-management-backend.war!/WEB-INF/classes!/com/scenic/ai/mapper/AlertMapper.class]: Unsatisfied dependency expressed through bean property 'sqlSessionFactory': Error creating bean with name 'sqlSessionFactory' defined in class path resource [com/baomidou/mybatisplus/autoconfigure/MybatisPlusAutoConfiguration.class]: Failed to instantiate [org.apache.ibatis.session.SqlSessionFactory]: Factory method 'sqlSessionFactory' threw exception with message: 'void org.apache.ibatis.session.Configuration.parsePendingMethods(boolean)'
2025-04-14 14:26:54.110  INFO 18408 --- [main] o.apache.catalina.core.StandardService   : Stopping service [Tomcat]
2025-04-14 14:26:54.260  INFO 18408 --- [main] .s.b.a.l.ConditionEvaluationReportLogger : 

Error starting ApplicationContext. To display the condition evaluation report re-run your application with 'debug' enabled.
2025-04-14 14:26:54.321 ERROR 18408 --- [main] o.s.b.d.LoggingFailureAnalysisReporter   : 

***************************
APPLICATION FAILED TO START
***************************

Description:

An attempt was made to call a method that does not exist. The attempt was made from the following location:

    com.baomidou.mybatisplus.core.MybatisMapperAnnotationBuilder.parse(MybatisMapperAnnotationBuilder.java:122)

The following method did not exist:

    'void org.apache.ibatis.session.Configuration.parsePendingMethods(boolean)'

The calling method's class, com.baomidou.mybatisplus.core.MybatisMapperAnnotationBuilder, was loaded from the following location:

    jar:file:/D:/DevProjects/conghua_backend1/conghua_backend/target/scenic-ai-management-backend.war!/WEB-INF/lib/mybatis-plus-core-3.5.11.jar!/com/baomidou/mybatisplus/core/MybatisMapperAnnotationBuilder.class

The called method's class, org.apache.ibatis.session.Configuration, is available from the following locations:

    jar:file:/D:/DevProjects/conghua_backend1/conghua_backend/target/scenic-ai-management-backend.war!/WEB-INF/lib/mybatis-3.5.15.jar!/org/apache/ibatis/session/Configuration.class

The called method's class hierarchy was loaded from the following locations:

    org.apache.ibatis.session.Configuration: jar:file:/D:/DevProjects/conghua_backend1/conghua_backend/target/scenic-ai-management-backend.war!/WEB-INF/lib/mybatis-3.5.15.jar!/


Action:

Correct the classpath of your application so that it contains compatible versions of the classes com.baomidou.mybatisplus.core.MybatisMapperAnnotationBuilder and org.apache.ibatis.session.Configuration

2025-04-14 14:27:50.408  INFO 28208 --- [main] com.scenic.ai.ScenicAiApplication        : Starting ScenicAiApplication v1.0.14 using Java 17.0.10 with PID 28208 (D:\DevProjects\conghua_backend1\conghua_backend\target\scenic-ai-management-backend.war started by localComputer in D:\DevProjects\conghua_backend1\conghua_backend)
2025-04-14 14:27:50.412 DEBUG 28208 --- [main] com.scenic.ai.ScenicAiApplication        : Running with Spring Boot v3.1.5, Spring v6.0.13
2025-04-14 14:27:50.414  INFO 28208 --- [main] com.scenic.ai.ScenicAiApplication        : No active profile set, falling back to 1 default profile: "default"
2025-04-14 14:27:52.549  INFO 28208 --- [main] .s.d.r.c.RepositoryConfigurationDelegate : Multiple Spring Data modules found, entering strict repository configuration mode
2025-04-14 14:27:52.558  INFO 28208 --- [main] .s.d.r.c.RepositoryConfigurationDelegate : Bootstrapping Spring Data Redis repositories in DEFAULT mode.
2025-04-14 14:27:52.620  INFO 28208 --- [main] .s.d.r.c.RepositoryConfigurationDelegate : Finished Spring Data repository scanning in 30 ms. Found 0 Redis repository interfaces.
2025-04-14 14:27:54.173  INFO 28208 --- [main] o.s.b.w.embedded.tomcat.TomcatWebServer  : Tomcat initialized with port(s): 8080 (http)
2025-04-14 14:27:54.189  INFO 28208 --- [main] o.apache.catalina.core.StandardService   : Starting service [Tomcat]
2025-04-14 14:27:54.191  INFO 28208 --- [main] o.apache.catalina.core.StandardEngine    : Starting Servlet engine: [Apache Tomcat/10.1.15]
2025-04-14 14:27:56.398  INFO 28208 --- [main] org.apache.jasper.servlet.TldScanner     : At least one JAR was scanned for TLDs yet contained no TLDs. Enable debug logging for this logger for a complete list of JARs that were scanned but no TLDs were found in them. Skipping unneeded JARs during scanning can improve startup time and JSP compilation time.
2025-04-14 14:27:56.517  INFO 28208 --- [main] o.a.c.c.C.[.[localhost].[/scenic-ai]     : Initializing Spring embedded WebApplicationContext
2025-04-14 14:27:56.518  INFO 28208 --- [main] w.s.c.ServletWebServerApplicationContext : Root WebApplicationContext: initialization completed in 5986 ms
2025-04-14 14:27:57.356 ERROR 28208 --- [main] c.b.m.core.MybatisConfiguration          : mapper[com.scenic.ai.mapper.AlertMapper.findByLevelAndStatus] is ignored, because it exists, maybe from xml file
2025-04-14 14:27:57.366 ERROR 28208 --- [main] c.b.m.core.MybatisConfiguration          : mapper[com.scenic.ai.mapper.AlertMapper.batchUpdateStatus] is ignored, because it exists, maybe from xml file
2025-04-14 14:27:57.368 ERROR 28208 --- [main] c.b.m.core.MybatisConfiguration          : mapper[com.scenic.ai.mapper.AlertMapper.findByStatus] is ignored, because it exists, maybe from xml file
2025-04-14 14:27:57.370 ERROR 28208 --- [main] c.b.m.core.MybatisConfiguration          : mapper[com.scenic.ai.mapper.AlertMapper.countByTimeRange] is ignored, because it exists, maybe from xml file
2025-04-14 14:27:57.374 ERROR 28208 --- [main] c.b.m.core.MybatisConfiguration          : mapper[com.scenic.ai.mapper.AlertMapper.findByConditions] is ignored, because it exists, maybe from xml file
2025-04-14 14:27:57.521 ERROR 28208 --- [main] c.b.m.core.MybatisConfiguration          : mapper[com.scenic.ai.mapper.CrowdStatisticsMapper.findMaxCount] is ignored, because it exists, maybe from xml file
2025-04-14 14:27:57.525 ERROR 28208 --- [main] c.b.m.core.MybatisConfiguration          : mapper[com.scenic.ai.mapper.CrowdStatisticsMapper.calculateAverageDensity] is ignored, because it exists, maybe from xml file
2025-04-14 14:27:57.526 ERROR 28208 --- [main] c.b.m.core.MybatisConfiguration          : mapper[com.scenic.ai.mapper.CrowdStatisticsMapper.findByConditions] is ignored, because it exists, maybe from xml file
2025-04-14 14:27:57.528 ERROR 28208 --- [main] c.b.m.core.MybatisConfiguration          : mapper[com.scenic.ai.mapper.CrowdStatisticsMapper.countByHour] is ignored, because it exists, maybe from xml file
2025-04-14 14:27:58.411  INFO 28208 --- [main] com.scenic.ai.config.WebConfig           : Initializing view resolver
2025-04-14 14:27:58.426  INFO 28208 --- [main] com.scenic.ai.config.WebConfig           : View resolver configuration:
2025-04-14 14:27:58.427  INFO 28208 --- [main] com.scenic.ai.config.WebConfig           : + View Prefix: /WEB-INF/jsp/
2025-04-14 14:27:58.430  INFO 28208 --- [main] com.scenic.ai.config.WebConfig           : + View Suffix: .jsp
2025-04-14 14:27:58.431  INFO 28208 --- [main] com.scenic.ai.config.WebConfig           : + Context Path: /scenic-ai
2025-04-14 14:27:59.311  INFO 28208 --- [main] o.s.b.a.e.web.EndpointLinksResolver      : Exposing 1 endpoint(s) beneath base path '/actuator'
2025-04-14 14:27:59.840  INFO 28208 --- [main] com.scenic.ai.config.WebConfig           : Configuring resource handlers
2025-04-14 14:27:59.841  INFO 28208 --- [main] com.scenic.ai.config.WebConfig           : Resource mapping configuration:
2025-04-14 14:27:59.841  INFO 28208 --- [main] com.scenic.ai.config.WebConfig           : + Static Resource Locations: classpath:/static/, classpath:/META-INF/resources/, /WEB-INF/static/
2025-04-14 14:27:59.842  INFO 28208 --- [main] com.scenic.ai.config.WebConfig           : + JSP Resource Location: classpath:/META-INF/resources/WEB-INF/
2025-04-14 14:27:59.880 DEBUG 28208 --- [main] com.scenic.ai.config.WebConfig           : Configuring view resolver registry
2025-04-14 14:28:00.659  INFO 28208 --- [main] o.s.b.w.embedded.tomcat.TomcatWebServer  : Tomcat started on port(s): 8080 (http) with context path '/scenic-ai'
2025-04-14 14:28:00.714  INFO 28208 --- [main] com.scenic.ai.ScenicAiApplication        : Started ScenicAiApplication in 11.533 seconds (process running for 12.429)
2025-04-14 15:43:08.435 [main] INFO  com.scenic.ai.ScenicAiApplication - Starting ScenicAiApplication v1.0.14 using Java 17.0.10 with PID 17036 (D:\DevProjects\conghua_backend1\conghua_backend\target\scenic.war started by localComputer in D:\DevProjects\conghua_backend1\conghua_backend)
2025-04-14 15:43:08.437 [main] DEBUG com.scenic.ai.ScenicAiApplication - Running with Spring Boot v3.1.5, Spring v6.0.13
2025-04-14 15:43:08.439 [main] INFO  com.scenic.ai.ScenicAiApplication - No active profile set, falling back to 1 default profile: "default"
2025-04-14 15:43:10.047 [main] INFO  o.s.d.r.config.RepositoryConfigurationDelegate - Multiple Spring Data modules found, entering strict repository configuration mode
2025-04-14 15:43:10.057 [main] INFO  o.s.d.r.config.RepositoryConfigurationDelegate - Bootstrapping Spring Data Redis repositories in DEFAULT mode.
2025-04-14 15:43:10.105 [main] INFO  o.s.d.r.config.RepositoryConfigurationDelegate - Finished Spring Data repository scanning in 24 ms. Found 0 Redis repository interfaces.
2025-04-14 15:43:11.736 [main] INFO  o.s.boot.web.embedded.tomcat.TomcatWebServer - Tomcat initialized with port(s): 8080 (http)
2025-04-14 15:43:11.747 [main] INFO  org.apache.catalina.core.StandardService - Starting service [Tomcat]
2025-04-14 15:43:11.747 [main] INFO  org.apache.catalina.core.StandardEngine - Starting Servlet engine: [Apache Tomcat/10.1.15]
2025-04-14 15:43:14.052 [main] INFO  org.apache.jasper.servlet.TldScanner - At least one JAR was scanned for TLDs yet contained no TLDs. Enable debug logging for this logger for a complete list of JARs that were scanned but no TLDs were found in them. Skipping unneeded JARs during scanning can improve startup time and JSP compilation time.
2025-04-14 15:43:14.707 [main] INFO  o.a.c.c.C.[Tomcat].[localhost].[/scenic-ai] - Initializing Spring embedded WebApplicationContext
2025-04-14 15:43:14.707 [main] INFO  o.s.b.w.s.c.ServletWebServerApplicationContext - Root WebApplicationContext: initialization completed in 6206 ms
2025-04-14 15:43:17.181 [main] ERROR c.baomidou.mybatisplus.core.MybatisConfiguration - mapper[com.scenic.ai.mapper.AlertMapper.batchUpdateStatus] is ignored, because it exists, maybe from xml file
2025-04-14 15:43:17.190 [main] ERROR c.baomidou.mybatisplus.core.MybatisConfiguration - mapper[com.scenic.ai.mapper.AlertMapper.countByTimeRange] is ignored, because it exists, maybe from xml file
2025-04-14 15:43:17.212 [main] ERROR c.baomidou.mybatisplus.core.MybatisConfiguration - mapper[com.scenic.ai.mapper.AlertMapper.findByConditions] is ignored, because it exists, maybe from xml file
2025-04-14 15:43:17.221 [main] ERROR c.baomidou.mybatisplus.core.MybatisConfiguration - mapper[com.scenic.ai.mapper.AlertMapper.findByStatus] is ignored, because it exists, maybe from xml file
2025-04-14 15:43:17.237 [main] ERROR c.baomidou.mybatisplus.core.MybatisConfiguration - mapper[com.scenic.ai.mapper.AlertMapper.findByLevelAndStatus] is ignored, because it exists, maybe from xml file
2025-04-14 15:43:17.481 [main] ERROR c.baomidou.mybatisplus.core.MybatisConfiguration - mapper[com.scenic.ai.mapper.CrowdStatisticsMapper.countByHour] is ignored, because it exists, maybe from xml file
2025-04-14 15:43:17.485 [main] ERROR c.baomidou.mybatisplus.core.MybatisConfiguration - mapper[com.scenic.ai.mapper.CrowdStatisticsMapper.findByConditions] is ignored, because it exists, maybe from xml file
2025-04-14 15:43:17.489 [main] ERROR c.baomidou.mybatisplus.core.MybatisConfiguration - mapper[com.scenic.ai.mapper.CrowdStatisticsMapper.calculateAverageDensity] is ignored, because it exists, maybe from xml file
2025-04-14 15:43:17.508 [main] ERROR c.baomidou.mybatisplus.core.MybatisConfiguration - mapper[com.scenic.ai.mapper.CrowdStatisticsMapper.findMaxCount] is ignored, because it exists, maybe from xml file
2025-04-14 15:43:18.663 [main] INFO  com.scenic.ai.config.WebConfig - Initializing view resolver
2025-04-14 15:43:18.677 [main] INFO  com.scenic.ai.config.WebConfig - View resolver configuration:
2025-04-14 15:43:18.677 [main] INFO  com.scenic.ai.config.WebConfig - + View Prefix: /WEB-INF/jsp/
2025-04-14 15:43:18.678 [main] INFO  com.scenic.ai.config.WebConfig - + View Suffix: .jsp
2025-04-14 15:43:19.977 [main] INFO  o.s.b.actuate.endpoint.web.EndpointLinksResolver - Exposing 1 endpoint(s) beneath base path '/actuator'
2025-04-14 15:43:20.617 [main] INFO  com.scenic.ai.config.WebConfig - Configuring resource handlers
2025-04-14 15:43:20.617 [main] INFO  com.scenic.ai.config.WebConfig - Resource mapping configuration:
2025-04-14 15:43:20.617 [main] INFO  com.scenic.ai.config.WebConfig - + Static Resource Locations: classpath:/static/, classpath:/META-INF/resources/
2025-04-14 15:43:20.617 [main] INFO  com.scenic.ai.config.WebConfig - + JSP Resource Location: classpath:/META-INF/resources/WEB-INF/jsp/
2025-04-14 15:43:20.670 [main] DEBUG com.scenic.ai.config.WebConfig - Configuring view resolver registry
2025-04-14 15:43:21.487 [main] INFO  o.s.boot.web.embedded.tomcat.TomcatWebServer - Tomcat started on port(s): 8080 (http) with context path '/scenic-ai'
2025-04-14 15:43:21.537 [main] INFO  com.scenic.ai.ScenicAiApplication - Started ScenicAiApplication in 13.855 seconds (process running for 14.442)
2025-04-14 15:45:00.014 [scheduled-task-1] INFO  com.scenic.ai.service.SchedulerService - 开始检查告警条件
2025-04-14 15:45:00.030 [scheduled-task-1] INFO  com.zaxxer.hikari.HikariDataSource - HikariCP - Starting...
2025-04-14 15:45:06.252 [scheduled-task-1] ERROR com.zaxxer.hikari.pool.HikariPool - HikariCP - Exception during pool initialization.
dm.jdbc.driver.DMException: 网络通信异常
	at dm.jdbc.driver.DBError.throwException(SourceFile:847)
	at dm.jdbc.a.a.init(SourceFile:215)
	at dm.jdbc.a.a.<init>(SourceFile:182)
	at dm.jdbc.driver.DmdbConnection.openConnection(SourceFile:761)
	at dm.jdbc.internal.conf.EP.connect(SourceFile:145)
	at dm.jdbc.internal.conf.EPGroup$EPSelector.select(SourceFile:497)
	at dm.jdbc.internal.conf.EPGroup.connect(SourceFile:340)
	at dm.jdbc.driver.DmDriver.do_connect(SourceFile:164)
	at dm.jdbc.driver.DmDriver.connect(SourceFile:450)
	at com.zaxxer.hikari.util.DriverDataSource.getConnection(DriverDataSource.java:138)
	at com.zaxxer.hikari.pool.PoolBase.newConnection(PoolBase.java:359)
	at com.zaxxer.hikari.pool.PoolBase.newPoolEntry(PoolBase.java:201)
	at com.zaxxer.hikari.pool.HikariPool.createPoolEntry(HikariPool.java:470)
	at com.zaxxer.hikari.pool.HikariPool.checkFailFast(HikariPool.java:561)
	at com.zaxxer.hikari.pool.HikariPool.<init>(HikariPool.java:100)
	at com.zaxxer.hikari.HikariDataSource.getConnection(HikariDataSource.java:112)
	at org.springframework.jdbc.datasource.DataSourceTransactionManager.doBegin(DataSourceTransactionManager.java:269)
	at org.springframework.transaction.support.AbstractPlatformTransactionManager.startTransaction(AbstractPlatformTransactionManager.java:400)
	at org.springframework.transaction.support.AbstractPlatformTransactionManager.getTransaction(AbstractPlatformTransactionManager.java:373)
	at org.springframework.transaction.interceptor.TransactionAspectSupport.createTransactionIfNecessary(TransactionAspectSupport.java:601)
	at org.springframework.transaction.interceptor.TransactionAspectSupport.invokeWithinTransaction(TransactionAspectSupport.java:385)
	at org.springframework.transaction.interceptor.TransactionInterceptor.invoke(TransactionInterceptor.java:119)
	at org.springframework.aop.framework.ReflectiveMethodInvocation.proceed(ReflectiveMethodInvocation.java:184)
	at org.springframework.aop.framework.CglibAopProxy$CglibMethodInvocation.proceed(CglibAopProxy.java:751)
	at org.springframework.aop.framework.CglibAopProxy$DynamicAdvisedInterceptor.intercept(CglibAopProxy.java:703)
	at com.scenic.ai.service.impl.CrowdCountServiceImpl$$SpringCGLIB$$0.findExceedThresholdCounts(<generated>)
	at com.scenic.ai.service.SchedulerService.checkFlowAlerts(SchedulerService.java:53)
	at com.scenic.ai.service.SchedulerService.checkAlerts(SchedulerService.java:39)
	at java.base/jdk.internal.reflect.NativeMethodAccessorImpl.invoke0(Native Method)
	at java.base/jdk.internal.reflect.NativeMethodAccessorImpl.invoke(NativeMethodAccessorImpl.java:77)
	at java.base/jdk.internal.reflect.DelegatingMethodAccessorImpl.invoke(DelegatingMethodAccessorImpl.java:43)
	at java.base/java.lang.reflect.Method.invoke(Method.java:568)
	at org.springframework.scheduling.support.ScheduledMethodRunnable.run(ScheduledMethodRunnable.java:84)
	at org.springframework.scheduling.support.DelegatingErrorHandlingRunnable.run(DelegatingErrorHandlingRunnable.java:54)
	at org.springframework.scheduling.concurrent.ReschedulingRunnable.run(ReschedulingRunnable.java:96)
	at java.base/java.util.concurrent.Executors$RunnableAdapter.call(Executors.java:539)
	at java.base/java.util.concurrent.FutureTask.run(FutureTask.java:264)
	at java.base/java.util.concurrent.ScheduledThreadPoolExecutor$ScheduledFutureTask.run(ScheduledThreadPoolExecutor.java:304)
	at java.base/java.util.concurrent.ThreadPoolExecutor.runWorker(ThreadPoolExecutor.java:1136)
	at java.base/java.util.concurrent.ThreadPoolExecutor$Worker.run(ThreadPoolExecutor.java:635)
	at java.base/java.lang.Thread.run(Thread.java:842)
Caused by: java.net.SocketTimeoutException: Connect timed out
	at java.base/sun.nio.ch.NioSocketImpl.timedFinishConnect(NioSocketImpl.java:551)
	at java.base/sun.nio.ch.NioSocketImpl.connect(NioSocketImpl.java:602)
	at java.base/java.net.SocksSocketImpl.connect(SocksSocketImpl.java:327)
	at java.base/java.net.Socket.connect(Socket.java:633)
	at dm.jdbc.a.c.d(SourceFile:110)
	at dm.jdbc.a.c.b(SourceFile:68)
	at dm.jdbc.a.c.g(SourceFile:1)
	at dm.jdbc.a.a.init(SourceFile:209)
	... 39 common frames omitted
2025-04-14 15:45:06.271 [scheduled-task-1] ERROR com.scenic.ai.service.SchedulerService - 告警检查失败
org.springframework.transaction.CannotCreateTransactionException: Could not open JDBC Connection for transaction
	at org.springframework.jdbc.datasource.DataSourceTransactionManager.doBegin(DataSourceTransactionManager.java:313)
	at org.springframework.transaction.support.AbstractPlatformTransactionManager.startTransaction(AbstractPlatformTransactionManager.java:400)
	at org.springframework.transaction.support.AbstractPlatformTransactionManager.getTransaction(AbstractPlatformTransactionManager.java:373)
	at org.springframework.transaction.interceptor.TransactionAspectSupport.createTransactionIfNecessary(TransactionAspectSupport.java:601)
	at org.springframework.transaction.interceptor.TransactionAspectSupport.invokeWithinTransaction(TransactionAspectSupport.java:385)
	at org.springframework.transaction.interceptor.TransactionInterceptor.invoke(TransactionInterceptor.java:119)
	at org.springframework.aop.framework.ReflectiveMethodInvocation.proceed(ReflectiveMethodInvocation.java:184)
	at org.springframework.aop.framework.CglibAopProxy$CglibMethodInvocation.proceed(CglibAopProxy.java:751)
	at org.springframework.aop.framework.CglibAopProxy$DynamicAdvisedInterceptor.intercept(CglibAopProxy.java:703)
	at com.scenic.ai.service.impl.CrowdCountServiceImpl$$SpringCGLIB$$0.findExceedThresholdCounts(<generated>)
	at com.scenic.ai.service.SchedulerService.checkFlowAlerts(SchedulerService.java:53)
	at com.scenic.ai.service.SchedulerService.checkAlerts(SchedulerService.java:39)
	at java.base/jdk.internal.reflect.NativeMethodAccessorImpl.invoke0(Native Method)
	at java.base/jdk.internal.reflect.NativeMethodAccessorImpl.invoke(NativeMethodAccessorImpl.java:77)
	at java.base/jdk.internal.reflect.DelegatingMethodAccessorImpl.invoke(DelegatingMethodAccessorImpl.java:43)
	at java.base/java.lang.reflect.Method.invoke(Method.java:568)
	at org.springframework.scheduling.support.ScheduledMethodRunnable.run(ScheduledMethodRunnable.java:84)
	at org.springframework.scheduling.support.DelegatingErrorHandlingRunnable.run(DelegatingErrorHandlingRunnable.java:54)
	at org.springframework.scheduling.concurrent.ReschedulingRunnable.run(ReschedulingRunnable.java:96)
	at java.base/java.util.concurrent.Executors$RunnableAdapter.call(Executors.java:539)
	at java.base/java.util.concurrent.FutureTask.run(FutureTask.java:264)
	at java.base/java.util.concurrent.ScheduledThreadPoolExecutor$ScheduledFutureTask.run(ScheduledThreadPoolExecutor.java:304)
	at java.base/java.util.concurrent.ThreadPoolExecutor.runWorker(ThreadPoolExecutor.java:1136)
	at java.base/java.util.concurrent.ThreadPoolExecutor$Worker.run(ThreadPoolExecutor.java:635)
	at java.base/java.lang.Thread.run(Thread.java:842)
Caused by: dm.jdbc.driver.DMException: 网络通信异常
	at dm.jdbc.driver.DBError.throwException(SourceFile:847)
	at dm.jdbc.a.a.init(SourceFile:215)
	at dm.jdbc.a.a.<init>(SourceFile:182)
	at dm.jdbc.driver.DmdbConnection.openConnection(SourceFile:761)
	at dm.jdbc.internal.conf.EP.connect(SourceFile:145)
	at dm.jdbc.internal.conf.EPGroup$EPSelector.select(SourceFile:497)
	at dm.jdbc.internal.conf.EPGroup.connect(SourceFile:340)
	at dm.jdbc.driver.DmDriver.do_connect(SourceFile:164)
	at dm.jdbc.driver.DmDriver.connect(SourceFile:450)
	at com.zaxxer.hikari.util.DriverDataSource.getConnection(DriverDataSource.java:138)
	at com.zaxxer.hikari.pool.PoolBase.newConnection(PoolBase.java:359)
	at com.zaxxer.hikari.pool.PoolBase.newPoolEntry(PoolBase.java:201)
	at com.zaxxer.hikari.pool.HikariPool.createPoolEntry(HikariPool.java:470)
	at com.zaxxer.hikari.pool.HikariPool.checkFailFast(HikariPool.java:561)
	at com.zaxxer.hikari.pool.HikariPool.<init>(HikariPool.java:100)
	at com.zaxxer.hikari.HikariDataSource.getConnection(HikariDataSource.java:112)
	at org.springframework.jdbc.datasource.DataSourceTransactionManager.doBegin(DataSourceTransactionManager.java:269)
	... 24 common frames omitted
Caused by: java.net.SocketTimeoutException: Connect timed out
	at java.base/sun.nio.ch.NioSocketImpl.timedFinishConnect(NioSocketImpl.java:551)
	at java.base/sun.nio.ch.NioSocketImpl.connect(NioSocketImpl.java:602)
	at java.base/java.net.SocksSocketImpl.connect(SocksSocketImpl.java:327)
	at java.base/java.net.Socket.connect(Socket.java:633)
	at dm.jdbc.a.c.d(SourceFile:110)
	at dm.jdbc.a.c.b(SourceFile:68)
	at dm.jdbc.a.c.g(SourceFile:1)
	at dm.jdbc.a.a.init(SourceFile:209)
	... 39 common frames omitted
2025-04-14 15:45:06.286 [scheduled-task-1] ERROR com.scenic.ai.config.SchedulerConfig - Error in scheduled task
org.springframework.transaction.CannotCreateTransactionException: Could not open JDBC Connection for transaction
	at org.springframework.jdbc.datasource.DataSourceTransactionManager.doBegin(DataSourceTransactionManager.java:313)
	at org.springframework.transaction.support.AbstractPlatformTransactionManager.startTransaction(AbstractPlatformTransactionManager.java:400)
	at org.springframework.transaction.support.AbstractPlatformTransactionManager.getTransaction(AbstractPlatformTransactionManager.java:373)
	at org.springframework.transaction.interceptor.TransactionAspectSupport.createTransactionIfNecessary(TransactionAspectSupport.java:601)
	at org.springframework.transaction.interceptor.TransactionAspectSupport.invokeWithinTransaction(TransactionAspectSupport.java:385)
	at org.springframework.transaction.interceptor.TransactionInterceptor.invoke(TransactionInterceptor.java:119)
	at org.springframework.aop.framework.ReflectiveMethodInvocation.proceed(ReflectiveMethodInvocation.java:184)
	at org.springframework.aop.framework.CglibAopProxy$CglibMethodInvocation.proceed(CglibAopProxy.java:751)
	at org.springframework.aop.framework.CglibAopProxy$DynamicAdvisedInterceptor.intercept(CglibAopProxy.java:703)
	at com.scenic.ai.service.impl.CrowdCountServiceImpl$$SpringCGLIB$$0.findExceedThresholdCounts(<generated>)
	at com.scenic.ai.service.SchedulerService.checkFlowAlerts(SchedulerService.java:53)
	at com.scenic.ai.service.SchedulerService.checkAlerts(SchedulerService.java:39)
	at java.base/jdk.internal.reflect.NativeMethodAccessorImpl.invoke0(Native Method)
	at java.base/jdk.internal.reflect.NativeMethodAccessorImpl.invoke(NativeMethodAccessorImpl.java:77)
	at java.base/jdk.internal.reflect.DelegatingMethodAccessorImpl.invoke(DelegatingMethodAccessorImpl.java:43)
	at java.base/java.lang.reflect.Method.invoke(Method.java:568)
	at org.springframework.scheduling.support.ScheduledMethodRunnable.run(ScheduledMethodRunnable.java:84)
	at org.springframework.scheduling.support.DelegatingErrorHandlingRunnable.run(DelegatingErrorHandlingRunnable.java:54)
	at org.springframework.scheduling.concurrent.ReschedulingRunnable.run(ReschedulingRunnable.java:96)
	at java.base/java.util.concurrent.Executors$RunnableAdapter.call(Executors.java:539)
	at java.base/java.util.concurrent.FutureTask.run(FutureTask.java:264)
	at java.base/java.util.concurrent.ScheduledThreadPoolExecutor$ScheduledFutureTask.run(ScheduledThreadPoolExecutor.java:304)
	at java.base/java.util.concurrent.ThreadPoolExecutor.runWorker(ThreadPoolExecutor.java:1136)
	at java.base/java.util.concurrent.ThreadPoolExecutor$Worker.run(ThreadPoolExecutor.java:635)
	at java.base/java.lang.Thread.run(Thread.java:842)
Caused by: dm.jdbc.driver.DMException: 网络通信异常
	at dm.jdbc.driver.DBError.throwException(SourceFile:847)
	at dm.jdbc.a.a.init(SourceFile:215)
	at dm.jdbc.a.a.<init>(SourceFile:182)
	at dm.jdbc.driver.DmdbConnection.openConnection(SourceFile:761)
	at dm.jdbc.internal.conf.EP.connect(SourceFile:145)
	at dm.jdbc.internal.conf.EPGroup$EPSelector.select(SourceFile:497)
	at dm.jdbc.internal.conf.EPGroup.connect(SourceFile:340)
	at dm.jdbc.driver.DmDriver.do_connect(SourceFile:164)
	at dm.jdbc.driver.DmDriver.connect(SourceFile:450)
	at com.zaxxer.hikari.util.DriverDataSource.getConnection(DriverDataSource.java:138)
	at com.zaxxer.hikari.pool.PoolBase.newConnection(PoolBase.java:359)
	at com.zaxxer.hikari.pool.PoolBase.newPoolEntry(PoolBase.java:201)
	at com.zaxxer.hikari.pool.HikariPool.createPoolEntry(HikariPool.java:470)
	at com.zaxxer.hikari.pool.HikariPool.checkFailFast(HikariPool.java:561)
	at com.zaxxer.hikari.pool.HikariPool.<init>(HikariPool.java:100)
	at com.zaxxer.hikari.HikariDataSource.getConnection(HikariDataSource.java:112)
	at org.springframework.jdbc.datasource.DataSourceTransactionManager.doBegin(DataSourceTransactionManager.java:269)
	... 24 common frames omitted
Caused by: java.net.SocketTimeoutException: Connect timed out
	at java.base/sun.nio.ch.NioSocketImpl.timedFinishConnect(NioSocketImpl.java:551)
	at java.base/sun.nio.ch.NioSocketImpl.connect(NioSocketImpl.java:602)
	at java.base/java.net.SocksSocketImpl.connect(SocksSocketImpl.java:327)
	at java.base/java.net.Socket.connect(Socket.java:633)
	at dm.jdbc.a.c.d(SourceFile:110)
	at dm.jdbc.a.c.b(SourceFile:68)
	at dm.jdbc.a.c.g(SourceFile:1)
	at dm.jdbc.a.a.init(SourceFile:209)
	... 39 common frames omitted
2025-04-14 15:50:00.011 [scheduled-task-3] INFO  com.scenic.ai.service.SchedulerService - 开始检查告警条件
2025-04-14 15:50:00.011 [scheduled-task-3] INFO  com.zaxxer.hikari.HikariDataSource - HikariCP - Starting...
2025-04-14 15:50:06.026 [scheduled-task-3] ERROR com.zaxxer.hikari.pool.HikariPool - HikariCP - Exception during pool initialization.
dm.jdbc.driver.DMException: 网络通信异常
	at dm.jdbc.driver.DBError.throwException(SourceFile:847)
	at dm.jdbc.a.a.init(SourceFile:215)
	at dm.jdbc.a.a.<init>(SourceFile:182)
	at dm.jdbc.driver.DmdbConnection.openConnection(SourceFile:761)
	at dm.jdbc.internal.conf.EP.connect(SourceFile:145)
	at dm.jdbc.internal.conf.EPGroup$EPSelector.select(SourceFile:497)
	at dm.jdbc.internal.conf.EPGroup.connect(SourceFile:340)
	at dm.jdbc.driver.DmDriver.do_connect(SourceFile:164)
	at dm.jdbc.driver.DmDriver.connect(SourceFile:450)
	at com.zaxxer.hikari.util.DriverDataSource.getConnection(DriverDataSource.java:138)
	at com.zaxxer.hikari.pool.PoolBase.newConnection(PoolBase.java:359)
	at com.zaxxer.hikari.pool.PoolBase.newPoolEntry(PoolBase.java:201)
	at com.zaxxer.hikari.pool.HikariPool.createPoolEntry(HikariPool.java:470)
	at com.zaxxer.hikari.pool.HikariPool.checkFailFast(HikariPool.java:561)
	at com.zaxxer.hikari.pool.HikariPool.<init>(HikariPool.java:100)
	at com.zaxxer.hikari.HikariDataSource.getConnection(HikariDataSource.java:112)
	at org.springframework.jdbc.datasource.DataSourceTransactionManager.doBegin(DataSourceTransactionManager.java:269)
	at org.springframework.transaction.support.AbstractPlatformTransactionManager.startTransaction(AbstractPlatformTransactionManager.java:400)
	at org.springframework.transaction.support.AbstractPlatformTransactionManager.getTransaction(AbstractPlatformTransactionManager.java:373)
	at org.springframework.transaction.interceptor.TransactionAspectSupport.createTransactionIfNecessary(TransactionAspectSupport.java:601)
	at org.springframework.transaction.interceptor.TransactionAspectSupport.invokeWithinTransaction(TransactionAspectSupport.java:385)
	at org.springframework.transaction.interceptor.TransactionInterceptor.invoke(TransactionInterceptor.java:119)
	at org.springframework.aop.framework.ReflectiveMethodInvocation.proceed(ReflectiveMethodInvocation.java:184)
	at org.springframework.aop.framework.CglibAopProxy$CglibMethodInvocation.proceed(CglibAopProxy.java:751)
	at org.springframework.aop.framework.CglibAopProxy$DynamicAdvisedInterceptor.intercept(CglibAopProxy.java:703)
	at com.scenic.ai.service.impl.CrowdCountServiceImpl$$SpringCGLIB$$0.findExceedThresholdCounts(<generated>)
	at com.scenic.ai.service.SchedulerService.checkFlowAlerts(SchedulerService.java:53)
	at com.scenic.ai.service.SchedulerService.checkAlerts(SchedulerService.java:39)
	at java.base/jdk.internal.reflect.NativeMethodAccessorImpl.invoke0(Native Method)
	at java.base/jdk.internal.reflect.NativeMethodAccessorImpl.invoke(NativeMethodAccessorImpl.java:77)
	at java.base/jdk.internal.reflect.DelegatingMethodAccessorImpl.invoke(DelegatingMethodAccessorImpl.java:43)
	at java.base/java.lang.reflect.Method.invoke(Method.java:568)
	at org.springframework.scheduling.support.ScheduledMethodRunnable.run(ScheduledMethodRunnable.java:84)
	at org.springframework.scheduling.support.DelegatingErrorHandlingRunnable.run(DelegatingErrorHandlingRunnable.java:54)
	at org.springframework.scheduling.concurrent.ReschedulingRunnable.run(ReschedulingRunnable.java:96)
	at java.base/java.util.concurrent.Executors$RunnableAdapter.call(Executors.java:539)
	at java.base/java.util.concurrent.FutureTask.run(FutureTask.java:264)
	at java.base/java.util.concurrent.ScheduledThreadPoolExecutor$ScheduledFutureTask.run(ScheduledThreadPoolExecutor.java:304)
	at java.base/java.util.concurrent.ThreadPoolExecutor.runWorker(ThreadPoolExecutor.java:1136)
	at java.base/java.util.concurrent.ThreadPoolExecutor$Worker.run(ThreadPoolExecutor.java:635)
	at java.base/java.lang.Thread.run(Thread.java:842)
Caused by: java.net.SocketTimeoutException: Connect timed out
	at java.base/sun.nio.ch.NioSocketImpl.timedFinishConnect(NioSocketImpl.java:551)
	at java.base/sun.nio.ch.NioSocketImpl.connect(NioSocketImpl.java:602)
	at java.base/java.net.SocksSocketImpl.connect(SocksSocketImpl.java:327)
	at java.base/java.net.Socket.connect(Socket.java:633)
	at dm.jdbc.a.c.d(SourceFile:110)
	at dm.jdbc.a.c.b(SourceFile:68)
	at dm.jdbc.a.c.g(SourceFile:1)
	at dm.jdbc.a.a.init(SourceFile:209)
	... 39 common frames omitted
2025-04-14 15:50:06.057 [scheduled-task-3] ERROR com.scenic.ai.service.SchedulerService - 告警检查失败
org.springframework.transaction.CannotCreateTransactionException: Could not open JDBC Connection for transaction
	at org.springframework.jdbc.datasource.DataSourceTransactionManager.doBegin(DataSourceTransactionManager.java:313)
	at org.springframework.transaction.support.AbstractPlatformTransactionManager.startTransaction(AbstractPlatformTransactionManager.java:400)
	at org.springframework.transaction.support.AbstractPlatformTransactionManager.getTransaction(AbstractPlatformTransactionManager.java:373)
	at org.springframework.transaction.interceptor.TransactionAspectSupport.createTransactionIfNecessary(TransactionAspectSupport.java:601)
	at org.springframework.transaction.interceptor.TransactionAspectSupport.invokeWithinTransaction(TransactionAspectSupport.java:385)
	at org.springframework.transaction.interceptor.TransactionInterceptor.invoke(TransactionInterceptor.java:119)
	at org.springframework.aop.framework.ReflectiveMethodInvocation.proceed(ReflectiveMethodInvocation.java:184)
	at org.springframework.aop.framework.CglibAopProxy$CglibMethodInvocation.proceed(CglibAopProxy.java:751)
	at org.springframework.aop.framework.CglibAopProxy$DynamicAdvisedInterceptor.intercept(CglibAopProxy.java:703)
	at com.scenic.ai.service.impl.CrowdCountServiceImpl$$SpringCGLIB$$0.findExceedThresholdCounts(<generated>)
	at com.scenic.ai.service.SchedulerService.checkFlowAlerts(SchedulerService.java:53)
	at com.scenic.ai.service.SchedulerService.checkAlerts(SchedulerService.java:39)
	at java.base/jdk.internal.reflect.NativeMethodAccessorImpl.invoke0(Native Method)
	at java.base/jdk.internal.reflect.NativeMethodAccessorImpl.invoke(NativeMethodAccessorImpl.java:77)
	at java.base/jdk.internal.reflect.DelegatingMethodAccessorImpl.invoke(DelegatingMethodAccessorImpl.java:43)
	at java.base/java.lang.reflect.Method.invoke(Method.java:568)
	at org.springframework.scheduling.support.ScheduledMethodRunnable.run(ScheduledMethodRunnable.java:84)
	at org.springframework.scheduling.support.DelegatingErrorHandlingRunnable.run(DelegatingErrorHandlingRunnable.java:54)
	at org.springframework.scheduling.concurrent.ReschedulingRunnable.run(ReschedulingRunnable.java:96)
	at java.base/java.util.concurrent.Executors$RunnableAdapter.call(Executors.java:539)
	at java.base/java.util.concurrent.FutureTask.run(FutureTask.java:264)
	at java.base/java.util.concurrent.ScheduledThreadPoolExecutor$ScheduledFutureTask.run(ScheduledThreadPoolExecutor.java:304)
	at java.base/java.util.concurrent.ThreadPoolExecutor.runWorker(ThreadPoolExecutor.java:1136)
	at java.base/java.util.concurrent.ThreadPoolExecutor$Worker.run(ThreadPoolExecutor.java:635)
	at java.base/java.lang.Thread.run(Thread.java:842)
Caused by: dm.jdbc.driver.DMException: 网络通信异常
	at dm.jdbc.driver.DBError.throwException(SourceFile:847)
	at dm.jdbc.a.a.init(SourceFile:215)
	at dm.jdbc.a.a.<init>(SourceFile:182)
	at dm.jdbc.driver.DmdbConnection.openConnection(SourceFile:761)
	at dm.jdbc.internal.conf.EP.connect(SourceFile:145)
	at dm.jdbc.internal.conf.EPGroup$EPSelector.select(SourceFile:497)
	at dm.jdbc.internal.conf.EPGroup.connect(SourceFile:340)
	at dm.jdbc.driver.DmDriver.do_connect(SourceFile:164)
	at dm.jdbc.driver.DmDriver.connect(SourceFile:450)
	at com.zaxxer.hikari.util.DriverDataSource.getConnection(DriverDataSource.java:138)
	at com.zaxxer.hikari.pool.PoolBase.newConnection(PoolBase.java:359)
	at com.zaxxer.hikari.pool.PoolBase.newPoolEntry(PoolBase.java:201)
	at com.zaxxer.hikari.pool.HikariPool.createPoolEntry(HikariPool.java:470)
	at com.zaxxer.hikari.pool.HikariPool.checkFailFast(HikariPool.java:561)
	at com.zaxxer.hikari.pool.HikariPool.<init>(HikariPool.java:100)
	at com.zaxxer.hikari.HikariDataSource.getConnection(HikariDataSource.java:112)
	at org.springframework.jdbc.datasource.DataSourceTransactionManager.doBegin(DataSourceTransactionManager.java:269)
	... 24 common frames omitted
Caused by: java.net.SocketTimeoutException: Connect timed out
	at java.base/sun.nio.ch.NioSocketImpl.timedFinishConnect(NioSocketImpl.java:551)
	at java.base/sun.nio.ch.NioSocketImpl.connect(NioSocketImpl.java:602)
	at java.base/java.net.SocksSocketImpl.connect(SocksSocketImpl.java:327)
	at java.base/java.net.Socket.connect(Socket.java:633)
	at dm.jdbc.a.c.d(SourceFile:110)
	at dm.jdbc.a.c.b(SourceFile:68)
	at dm.jdbc.a.c.g(SourceFile:1)
	at dm.jdbc.a.a.init(SourceFile:209)
	... 39 common frames omitted
2025-04-14 15:50:06.073 [scheduled-task-3] ERROR com.scenic.ai.config.SchedulerConfig - Error in scheduled task
org.springframework.transaction.CannotCreateTransactionException: Could not open JDBC Connection for transaction
	at org.springframework.jdbc.datasource.DataSourceTransactionManager.doBegin(DataSourceTransactionManager.java:313)
	at org.springframework.transaction.support.AbstractPlatformTransactionManager.startTransaction(AbstractPlatformTransactionManager.java:400)
	at org.springframework.transaction.support.AbstractPlatformTransactionManager.getTransaction(AbstractPlatformTransactionManager.java:373)
	at org.springframework.transaction.interceptor.TransactionAspectSupport.createTransactionIfNecessary(TransactionAspectSupport.java:601)
	at org.springframework.transaction.interceptor.TransactionAspectSupport.invokeWithinTransaction(TransactionAspectSupport.java:385)
	at org.springframework.transaction.interceptor.TransactionInterceptor.invoke(TransactionInterceptor.java:119)
	at org.springframework.aop.framework.ReflectiveMethodInvocation.proceed(ReflectiveMethodInvocation.java:184)
	at org.springframework.aop.framework.CglibAopProxy$CglibMethodInvocation.proceed(CglibAopProxy.java:751)
	at org.springframework.aop.framework.CglibAopProxy$DynamicAdvisedInterceptor.intercept(CglibAopProxy.java:703)
	at com.scenic.ai.service.impl.CrowdCountServiceImpl$$SpringCGLIB$$0.findExceedThresholdCounts(<generated>)
	at com.scenic.ai.service.SchedulerService.checkFlowAlerts(SchedulerService.java:53)
	at com.scenic.ai.service.SchedulerService.checkAlerts(SchedulerService.java:39)
	at java.base/jdk.internal.reflect.NativeMethodAccessorImpl.invoke0(Native Method)
	at java.base/jdk.internal.reflect.NativeMethodAccessorImpl.invoke(NativeMethodAccessorImpl.java:77)
	at java.base/jdk.internal.reflect.DelegatingMethodAccessorImpl.invoke(DelegatingMethodAccessorImpl.java:43)
	at java.base/java.lang.reflect.Method.invoke(Method.java:568)
	at org.springframework.scheduling.support.ScheduledMethodRunnable.run(ScheduledMethodRunnable.java:84)
	at org.springframework.scheduling.support.DelegatingErrorHandlingRunnable.run(DelegatingErrorHandlingRunnable.java:54)
	at org.springframework.scheduling.concurrent.ReschedulingRunnable.run(ReschedulingRunnable.java:96)
	at java.base/java.util.concurrent.Executors$RunnableAdapter.call(Executors.java:539)
	at java.base/java.util.concurrent.FutureTask.run(FutureTask.java:264)
	at java.base/java.util.concurrent.ScheduledThreadPoolExecutor$ScheduledFutureTask.run(ScheduledThreadPoolExecutor.java:304)
	at java.base/java.util.concurrent.ThreadPoolExecutor.runWorker(ThreadPoolExecutor.java:1136)
	at java.base/java.util.concurrent.ThreadPoolExecutor$Worker.run(ThreadPoolExecutor.java:635)
	at java.base/java.lang.Thread.run(Thread.java:842)
Caused by: dm.jdbc.driver.DMException: 网络通信异常
	at dm.jdbc.driver.DBError.throwException(SourceFile:847)
	at dm.jdbc.a.a.init(SourceFile:215)
	at dm.jdbc.a.a.<init>(SourceFile:182)
	at dm.jdbc.driver.DmdbConnection.openConnection(SourceFile:761)
	at dm.jdbc.internal.conf.EP.connect(SourceFile:145)
	at dm.jdbc.internal.conf.EPGroup$EPSelector.select(SourceFile:497)
	at dm.jdbc.internal.conf.EPGroup.connect(SourceFile:340)
	at dm.jdbc.driver.DmDriver.do_connect(SourceFile:164)
	at dm.jdbc.driver.DmDriver.connect(SourceFile:450)
	at com.zaxxer.hikari.util.DriverDataSource.getConnection(DriverDataSource.java:138)
	at com.zaxxer.hikari.pool.PoolBase.newConnection(PoolBase.java:359)
	at com.zaxxer.hikari.pool.PoolBase.newPoolEntry(PoolBase.java:201)
	at com.zaxxer.hikari.pool.HikariPool.createPoolEntry(HikariPool.java:470)
	at com.zaxxer.hikari.pool.HikariPool.checkFailFast(HikariPool.java:561)
	at com.zaxxer.hikari.pool.HikariPool.<init>(HikariPool.java:100)
	at com.zaxxer.hikari.HikariDataSource.getConnection(HikariDataSource.java:112)
	at org.springframework.jdbc.datasource.DataSourceTransactionManager.doBegin(DataSourceTransactionManager.java:269)
	... 24 common frames omitted
Caused by: java.net.SocketTimeoutException: Connect timed out
	at java.base/sun.nio.ch.NioSocketImpl.timedFinishConnect(NioSocketImpl.java:551)
	at java.base/sun.nio.ch.NioSocketImpl.connect(NioSocketImpl.java:602)
	at java.base/java.net.SocksSocketImpl.connect(SocksSocketImpl.java:327)
	at java.base/java.net.Socket.connect(Socket.java:633)
	at dm.jdbc.a.c.d(SourceFile:110)
	at dm.jdbc.a.c.b(SourceFile:68)
	at dm.jdbc.a.c.g(SourceFile:1)
	at dm.jdbc.a.a.init(SourceFile:209)
	... 39 common frames omitted
2025-04-14 15:55:00.011 [scheduled-task-1] INFO  com.scenic.ai.service.SchedulerService - 开始检查告警条件
2025-04-14 15:55:00.014 [scheduled-task-1] INFO  com.zaxxer.hikari.HikariDataSource - HikariCP - Starting...
2025-04-14 15:55:06.029 [scheduled-task-1] ERROR com.zaxxer.hikari.pool.HikariPool - HikariCP - Exception during pool initialization.
dm.jdbc.driver.DMException: 网络通信异常
	at dm.jdbc.driver.DBError.throwException(SourceFile:847)
	at dm.jdbc.a.a.init(SourceFile:215)
	at dm.jdbc.a.a.<init>(SourceFile:182)
	at dm.jdbc.driver.DmdbConnection.openConnection(SourceFile:761)
	at dm.jdbc.internal.conf.EP.connect(SourceFile:145)
	at dm.jdbc.internal.conf.EPGroup$EPSelector.select(SourceFile:497)
	at dm.jdbc.internal.conf.EPGroup.connect(SourceFile:340)
	at dm.jdbc.driver.DmDriver.do_connect(SourceFile:164)
	at dm.jdbc.driver.DmDriver.connect(SourceFile:450)
	at com.zaxxer.hikari.util.DriverDataSource.getConnection(DriverDataSource.java:138)
	at com.zaxxer.hikari.pool.PoolBase.newConnection(PoolBase.java:359)
	at com.zaxxer.hikari.pool.PoolBase.newPoolEntry(PoolBase.java:201)
	at com.zaxxer.hikari.pool.HikariPool.createPoolEntry(HikariPool.java:470)
	at com.zaxxer.hikari.pool.HikariPool.checkFailFast(HikariPool.java:561)
	at com.zaxxer.hikari.pool.HikariPool.<init>(HikariPool.java:100)
	at com.zaxxer.hikari.HikariDataSource.getConnection(HikariDataSource.java:112)
	at org.springframework.jdbc.datasource.DataSourceTransactionManager.doBegin(DataSourceTransactionManager.java:269)
	at org.springframework.transaction.support.AbstractPlatformTransactionManager.startTransaction(AbstractPlatformTransactionManager.java:400)
	at org.springframework.transaction.support.AbstractPlatformTransactionManager.getTransaction(AbstractPlatformTransactionManager.java:373)
	at org.springframework.transaction.interceptor.TransactionAspectSupport.createTransactionIfNecessary(TransactionAspectSupport.java:601)
	at org.springframework.transaction.interceptor.TransactionAspectSupport.invokeWithinTransaction(TransactionAspectSupport.java:385)
	at org.springframework.transaction.interceptor.TransactionInterceptor.invoke(TransactionInterceptor.java:119)
	at org.springframework.aop.framework.ReflectiveMethodInvocation.proceed(ReflectiveMethodInvocation.java:184)
	at org.springframework.aop.framework.CglibAopProxy$CglibMethodInvocation.proceed(CglibAopProxy.java:751)
	at org.springframework.aop.framework.CglibAopProxy$DynamicAdvisedInterceptor.intercept(CglibAopProxy.java:703)
	at com.scenic.ai.service.impl.CrowdCountServiceImpl$$SpringCGLIB$$0.findExceedThresholdCounts(<generated>)
	at com.scenic.ai.service.SchedulerService.checkFlowAlerts(SchedulerService.java:53)
	at com.scenic.ai.service.SchedulerService.checkAlerts(SchedulerService.java:39)
	at java.base/jdk.internal.reflect.NativeMethodAccessorImpl.invoke0(Native Method)
	at java.base/jdk.internal.reflect.NativeMethodAccessorImpl.invoke(NativeMethodAccessorImpl.java:77)
	at java.base/jdk.internal.reflect.DelegatingMethodAccessorImpl.invoke(DelegatingMethodAccessorImpl.java:43)
	at java.base/java.lang.reflect.Method.invoke(Method.java:568)
	at org.springframework.scheduling.support.ScheduledMethodRunnable.run(ScheduledMethodRunnable.java:84)
	at org.springframework.scheduling.support.DelegatingErrorHandlingRunnable.run(DelegatingErrorHandlingRunnable.java:54)
	at org.springframework.scheduling.concurrent.ReschedulingRunnable.run(ReschedulingRunnable.java:96)
	at java.base/java.util.concurrent.Executors$RunnableAdapter.call(Executors.java:539)
	at java.base/java.util.concurrent.FutureTask.run(FutureTask.java:264)
	at java.base/java.util.concurrent.ScheduledThreadPoolExecutor$ScheduledFutureTask.run(ScheduledThreadPoolExecutor.java:304)
	at java.base/java.util.concurrent.ThreadPoolExecutor.runWorker(ThreadPoolExecutor.java:1136)
	at java.base/java.util.concurrent.ThreadPoolExecutor$Worker.run(ThreadPoolExecutor.java:635)
	at java.base/java.lang.Thread.run(Thread.java:842)
Caused by: java.net.SocketTimeoutException: Connect timed out
	at java.base/sun.nio.ch.NioSocketImpl.timedFinishConnect(NioSocketImpl.java:551)
	at java.base/sun.nio.ch.NioSocketImpl.connect(NioSocketImpl.java:602)
	at java.base/java.net.SocksSocketImpl.connect(SocksSocketImpl.java:327)
	at java.base/java.net.Socket.connect(Socket.java:633)
	at dm.jdbc.a.c.d(SourceFile:110)
	at dm.jdbc.a.c.b(SourceFile:68)
	at dm.jdbc.a.c.g(SourceFile:1)
	at dm.jdbc.a.a.init(SourceFile:209)
	... 39 common frames omitted
2025-04-14 15:55:06.044 [scheduled-task-1] ERROR com.scenic.ai.service.SchedulerService - 告警检查失败
org.springframework.transaction.CannotCreateTransactionException: Could not open JDBC Connection for transaction
	at org.springframework.jdbc.datasource.DataSourceTransactionManager.doBegin(DataSourceTransactionManager.java:313)
	at org.springframework.transaction.support.AbstractPlatformTransactionManager.startTransaction(AbstractPlatformTransactionManager.java:400)
	at org.springframework.transaction.support.AbstractPlatformTransactionManager.getTransaction(AbstractPlatformTransactionManager.java:373)
	at org.springframework.transaction.interceptor.TransactionAspectSupport.createTransactionIfNecessary(TransactionAspectSupport.java:601)
	at org.springframework.transaction.interceptor.TransactionAspectSupport.invokeWithinTransaction(TransactionAspectSupport.java:385)
	at org.springframework.transaction.interceptor.TransactionInterceptor.invoke(TransactionInterceptor.java:119)
	at org.springframework.aop.framework.ReflectiveMethodInvocation.proceed(ReflectiveMethodInvocation.java:184)
	at org.springframework.aop.framework.CglibAopProxy$CglibMethodInvocation.proceed(CglibAopProxy.java:751)
	at org.springframework.aop.framework.CglibAopProxy$DynamicAdvisedInterceptor.intercept(CglibAopProxy.java:703)
	at com.scenic.ai.service.impl.CrowdCountServiceImpl$$SpringCGLIB$$0.findExceedThresholdCounts(<generated>)
	at com.scenic.ai.service.SchedulerService.checkFlowAlerts(SchedulerService.java:53)
	at com.scenic.ai.service.SchedulerService.checkAlerts(SchedulerService.java:39)
	at java.base/jdk.internal.reflect.NativeMethodAccessorImpl.invoke0(Native Method)
	at java.base/jdk.internal.reflect.NativeMethodAccessorImpl.invoke(NativeMethodAccessorImpl.java:77)
	at java.base/jdk.internal.reflect.DelegatingMethodAccessorImpl.invoke(DelegatingMethodAccessorImpl.java:43)
	at java.base/java.lang.reflect.Method.invoke(Method.java:568)
	at org.springframework.scheduling.support.ScheduledMethodRunnable.run(ScheduledMethodRunnable.java:84)
	at org.springframework.scheduling.support.DelegatingErrorHandlingRunnable.run(DelegatingErrorHandlingRunnable.java:54)
	at org.springframework.scheduling.concurrent.ReschedulingRunnable.run(ReschedulingRunnable.java:96)
	at java.base/java.util.concurrent.Executors$RunnableAdapter.call(Executors.java:539)
	at java.base/java.util.concurrent.FutureTask.run(FutureTask.java:264)
	at java.base/java.util.concurrent.ScheduledThreadPoolExecutor$ScheduledFutureTask.run(ScheduledThreadPoolExecutor.java:304)
	at java.base/java.util.concurrent.ThreadPoolExecutor.runWorker(ThreadPoolExecutor.java:1136)
	at java.base/java.util.concurrent.ThreadPoolExecutor$Worker.run(ThreadPoolExecutor.java:635)
	at java.base/java.lang.Thread.run(Thread.java:842)
Caused by: dm.jdbc.driver.DMException: 网络通信异常
	at dm.jdbc.driver.DBError.throwException(SourceFile:847)
	at dm.jdbc.a.a.init(SourceFile:215)
	at dm.jdbc.a.a.<init>(SourceFile:182)
	at dm.jdbc.driver.DmdbConnection.openConnection(SourceFile:761)
	at dm.jdbc.internal.conf.EP.connect(SourceFile:145)
	at dm.jdbc.internal.conf.EPGroup$EPSelector.select(SourceFile:497)
	at dm.jdbc.internal.conf.EPGroup.connect(SourceFile:340)
	at dm.jdbc.driver.DmDriver.do_connect(SourceFile:164)
	at dm.jdbc.driver.DmDriver.connect(SourceFile:450)
	at com.zaxxer.hikari.util.DriverDataSource.getConnection(DriverDataSource.java:138)
	at com.zaxxer.hikari.pool.PoolBase.newConnection(PoolBase.java:359)
	at com.zaxxer.hikari.pool.PoolBase.newPoolEntry(PoolBase.java:201)
	at com.zaxxer.hikari.pool.HikariPool.createPoolEntry(HikariPool.java:470)
	at com.zaxxer.hikari.pool.HikariPool.checkFailFast(HikariPool.java:561)
	at com.zaxxer.hikari.pool.HikariPool.<init>(HikariPool.java:100)
	at com.zaxxer.hikari.HikariDataSource.getConnection(HikariDataSource.java:112)
	at org.springframework.jdbc.datasource.DataSourceTransactionManager.doBegin(DataSourceTransactionManager.java:269)
	... 24 common frames omitted
Caused by: java.net.SocketTimeoutException: Connect timed out
	at java.base/sun.nio.ch.NioSocketImpl.timedFinishConnect(NioSocketImpl.java:551)
	at java.base/sun.nio.ch.NioSocketImpl.connect(NioSocketImpl.java:602)
	at java.base/java.net.SocksSocketImpl.connect(SocksSocketImpl.java:327)
	at java.base/java.net.Socket.connect(Socket.java:633)
	at dm.jdbc.a.c.d(SourceFile:110)
	at dm.jdbc.a.c.b(SourceFile:68)
	at dm.jdbc.a.c.g(SourceFile:1)
	at dm.jdbc.a.a.init(SourceFile:209)
	... 39 common frames omitted
2025-04-14 15:55:06.053 [scheduled-task-1] ERROR com.scenic.ai.config.SchedulerConfig - Error in scheduled task
org.springframework.transaction.CannotCreateTransactionException: Could not open JDBC Connection for transaction
	at org.springframework.jdbc.datasource.DataSourceTransactionManager.doBegin(DataSourceTransactionManager.java:313)
	at org.springframework.transaction.support.AbstractPlatformTransactionManager.startTransaction(AbstractPlatformTransactionManager.java:400)
	at org.springframework.transaction.support.AbstractPlatformTransactionManager.getTransaction(AbstractPlatformTransactionManager.java:373)
	at org.springframework.transaction.interceptor.TransactionAspectSupport.createTransactionIfNecessary(TransactionAspectSupport.java:601)
	at org.springframework.transaction.interceptor.TransactionAspectSupport.invokeWithinTransaction(TransactionAspectSupport.java:385)
	at org.springframework.transaction.interceptor.TransactionInterceptor.invoke(TransactionInterceptor.java:119)
	at org.springframework.aop.framework.ReflectiveMethodInvocation.proceed(ReflectiveMethodInvocation.java:184)
	at org.springframework.aop.framework.CglibAopProxy$CglibMethodInvocation.proceed(CglibAopProxy.java:751)
	at org.springframework.aop.framework.CglibAopProxy$DynamicAdvisedInterceptor.intercept(CglibAopProxy.java:703)
	at com.scenic.ai.service.impl.CrowdCountServiceImpl$$SpringCGLIB$$0.findExceedThresholdCounts(<generated>)
	at com.scenic.ai.service.SchedulerService.checkFlowAlerts(SchedulerService.java:53)
	at com.scenic.ai.service.SchedulerService.checkAlerts(SchedulerService.java:39)
	at java.base/jdk.internal.reflect.NativeMethodAccessorImpl.invoke0(Native Method)
	at java.base/jdk.internal.reflect.NativeMethodAccessorImpl.invoke(NativeMethodAccessorImpl.java:77)
	at java.base/jdk.internal.reflect.DelegatingMethodAccessorImpl.invoke(DelegatingMethodAccessorImpl.java:43)
	at java.base/java.lang.reflect.Method.invoke(Method.java:568)
	at org.springframework.scheduling.support.ScheduledMethodRunnable.run(ScheduledMethodRunnable.java:84)
	at org.springframework.scheduling.support.DelegatingErrorHandlingRunnable.run(DelegatingErrorHandlingRunnable.java:54)
	at org.springframework.scheduling.concurrent.ReschedulingRunnable.run(ReschedulingRunnable.java:96)
	at java.base/java.util.concurrent.Executors$RunnableAdapter.call(Executors.java:539)
	at java.base/java.util.concurrent.FutureTask.run(FutureTask.java:264)
	at java.base/java.util.concurrent.ScheduledThreadPoolExecutor$ScheduledFutureTask.run(ScheduledThreadPoolExecutor.java:304)
	at java.base/java.util.concurrent.ThreadPoolExecutor.runWorker(ThreadPoolExecutor.java:1136)
	at java.base/java.util.concurrent.ThreadPoolExecutor$Worker.run(ThreadPoolExecutor.java:635)
	at java.base/java.lang.Thread.run(Thread.java:842)
Caused by: dm.jdbc.driver.DMException: 网络通信异常
	at dm.jdbc.driver.DBError.throwException(SourceFile:847)
	at dm.jdbc.a.a.init(SourceFile:215)
	at dm.jdbc.a.a.<init>(SourceFile:182)
	at dm.jdbc.driver.DmdbConnection.openConnection(SourceFile:761)
	at dm.jdbc.internal.conf.EP.connect(SourceFile:145)
	at dm.jdbc.internal.conf.EPGroup$EPSelector.select(SourceFile:497)
	at dm.jdbc.internal.conf.EPGroup.connect(SourceFile:340)
	at dm.jdbc.driver.DmDriver.do_connect(SourceFile:164)
	at dm.jdbc.driver.DmDriver.connect(SourceFile:450)
	at com.zaxxer.hikari.util.DriverDataSource.getConnection(DriverDataSource.java:138)
	at com.zaxxer.hikari.pool.PoolBase.newConnection(PoolBase.java:359)
	at com.zaxxer.hikari.pool.PoolBase.newPoolEntry(PoolBase.java:201)
	at com.zaxxer.hikari.pool.HikariPool.createPoolEntry(HikariPool.java:470)
	at com.zaxxer.hikari.pool.HikariPool.checkFailFast(HikariPool.java:561)
	at com.zaxxer.hikari.pool.HikariPool.<init>(HikariPool.java:100)
	at com.zaxxer.hikari.HikariDataSource.getConnection(HikariDataSource.java:112)
	at org.springframework.jdbc.datasource.DataSourceTransactionManager.doBegin(DataSourceTransactionManager.java:269)
	... 24 common frames omitted
Caused by: java.net.SocketTimeoutException: Connect timed out
	at java.base/sun.nio.ch.NioSocketImpl.timedFinishConnect(NioSocketImpl.java:551)
	at java.base/sun.nio.ch.NioSocketImpl.connect(NioSocketImpl.java:602)
	at java.base/java.net.SocksSocketImpl.connect(SocksSocketImpl.java:327)
	at java.base/java.net.Socket.connect(Socket.java:633)
	at dm.jdbc.a.c.d(SourceFile:110)
	at dm.jdbc.a.c.b(SourceFile:68)
	at dm.jdbc.a.c.g(SourceFile:1)
	at dm.jdbc.a.a.init(SourceFile:209)
	... 39 common frames omitted
2025-04-14 16:00:00.001 [scheduled-task-3] INFO  com.scenic.ai.scheduler.SyncScheduler - 开始执行小时级同步任务
2025-04-14 16:00:00.002 [scheduled-task-3] INFO  com.zaxxer.hikari.HikariDataSource - HikariCP - Starting...
2025-04-14 16:00:00.002 [scheduled-task-2] INFO  com.scenic.ai.service.SchedulerService - 开始检查告警条件
2025-04-14 16:00:06.029 [scheduled-task-3] ERROR com.zaxxer.hikari.pool.HikariPool - HikariCP - Exception during pool initialization.
dm.jdbc.driver.DMException: 网络通信异常
	at dm.jdbc.driver.DBError.throwException(SourceFile:847)
	at dm.jdbc.a.a.init(SourceFile:215)
	at dm.jdbc.a.a.<init>(SourceFile:182)
	at dm.jdbc.driver.DmdbConnection.openConnection(SourceFile:761)
	at dm.jdbc.internal.conf.EP.connect(SourceFile:145)
	at dm.jdbc.internal.conf.EPGroup$EPSelector.select(SourceFile:497)
	at dm.jdbc.internal.conf.EPGroup.connect(SourceFile:340)
	at dm.jdbc.driver.DmDriver.do_connect(SourceFile:164)
	at dm.jdbc.driver.DmDriver.connect(SourceFile:450)
	at com.zaxxer.hikari.util.DriverDataSource.getConnection(DriverDataSource.java:138)
	at com.zaxxer.hikari.pool.PoolBase.newConnection(PoolBase.java:359)
	at com.zaxxer.hikari.pool.PoolBase.newPoolEntry(PoolBase.java:201)
	at com.zaxxer.hikari.pool.HikariPool.createPoolEntry(HikariPool.java:470)
	at com.zaxxer.hikari.pool.HikariPool.checkFailFast(HikariPool.java:561)
	at com.zaxxer.hikari.pool.HikariPool.<init>(HikariPool.java:100)
	at com.zaxxer.hikari.HikariDataSource.getConnection(HikariDataSource.java:112)
	at org.springframework.jdbc.datasource.DataSourceTransactionManager.doBegin(DataSourceTransactionManager.java:269)
	at org.springframework.transaction.support.AbstractPlatformTransactionManager.startTransaction(AbstractPlatformTransactionManager.java:400)
	at org.springframework.transaction.support.AbstractPlatformTransactionManager.getTransaction(AbstractPlatformTransactionManager.java:373)
	at org.springframework.transaction.interceptor.TransactionAspectSupport.createTransactionIfNecessary(TransactionAspectSupport.java:601)
	at org.springframework.transaction.interceptor.TransactionAspectSupport.invokeWithinTransaction(TransactionAspectSupport.java:385)
	at org.springframework.transaction.interceptor.TransactionInterceptor.invoke(TransactionInterceptor.java:119)
	at org.springframework.aop.framework.ReflectiveMethodInvocation.proceed(ReflectiveMethodInvocation.java:184)
	at org.springframework.aop.framework.CglibAopProxy$CglibMethodInvocation.proceed(CglibAopProxy.java:751)
	at org.springframework.aop.framework.CglibAopProxy$DynamicAdvisedInterceptor.intercept(CglibAopProxy.java:703)
	at com.scenic.ai.service.SyncService$$SpringCGLIB$$0.syncData(<generated>)
	at com.scenic.ai.scheduler.SyncScheduler.scheduleHourlySync(SyncScheduler.java:36)
	at java.base/jdk.internal.reflect.NativeMethodAccessorImpl.invoke0(Native Method)
	at java.base/jdk.internal.reflect.NativeMethodAccessorImpl.invoke(NativeMethodAccessorImpl.java:77)
	at java.base/jdk.internal.reflect.DelegatingMethodAccessorImpl.invoke(DelegatingMethodAccessorImpl.java:43)
	at java.base/java.lang.reflect.Method.invoke(Method.java:568)
	at org.springframework.scheduling.support.ScheduledMethodRunnable.run(ScheduledMethodRunnable.java:84)
	at org.springframework.scheduling.support.DelegatingErrorHandlingRunnable.run(DelegatingErrorHandlingRunnable.java:54)
	at org.springframework.scheduling.concurrent.ReschedulingRunnable.run(ReschedulingRunnable.java:96)
	at java.base/java.util.concurrent.Executors$RunnableAdapter.call(Executors.java:539)
	at java.base/java.util.concurrent.FutureTask.run(FutureTask.java:264)
	at java.base/java.util.concurrent.ScheduledThreadPoolExecutor$ScheduledFutureTask.run(ScheduledThreadPoolExecutor.java:304)
	at java.base/java.util.concurrent.ThreadPoolExecutor.runWorker(ThreadPoolExecutor.java:1136)
	at java.base/java.util.concurrent.ThreadPoolExecutor$Worker.run(ThreadPoolExecutor.java:635)
	at java.base/java.lang.Thread.run(Thread.java:842)
Caused by: java.net.SocketTimeoutException: Connect timed out
	at java.base/sun.nio.ch.NioSocketImpl.timedFinishConnect(NioSocketImpl.java:551)
	at java.base/sun.nio.ch.NioSocketImpl.connect(NioSocketImpl.java:602)
	at java.base/java.net.SocksSocketImpl.connect(SocksSocketImpl.java:327)
	at java.base/java.net.Socket.connect(Socket.java:633)
	at dm.jdbc.a.c.d(SourceFile:110)
	at dm.jdbc.a.c.b(SourceFile:68)
	at dm.jdbc.a.c.g(SourceFile:1)
	at dm.jdbc.a.a.init(SourceFile:209)
	... 38 common frames omitted
2025-04-14 16:00:06.032 [scheduled-task-2] INFO  com.zaxxer.hikari.HikariDataSource - HikariCP - Starting...
2025-04-14 16:00:06.032 [scheduled-task-3] ERROR com.scenic.ai.config.SchedulerConfig - Error in scheduled task
org.springframework.transaction.CannotCreateTransactionException: Could not open JDBC Connection for transaction
	at org.springframework.jdbc.datasource.DataSourceTransactionManager.doBegin(DataSourceTransactionManager.java:313)
	at org.springframework.transaction.support.AbstractPlatformTransactionManager.startTransaction(AbstractPlatformTransactionManager.java:400)
	at org.springframework.transaction.support.AbstractPlatformTransactionManager.getTransaction(AbstractPlatformTransactionManager.java:373)
	at org.springframework.transaction.interceptor.TransactionAspectSupport.createTransactionIfNecessary(TransactionAspectSupport.java:601)
	at org.springframework.transaction.interceptor.TransactionAspectSupport.invokeWithinTransaction(TransactionAspectSupport.java:385)
	at org.springframework.transaction.interceptor.TransactionInterceptor.invoke(TransactionInterceptor.java:119)
	at org.springframework.aop.framework.ReflectiveMethodInvocation.proceed(ReflectiveMethodInvocation.java:184)
	at org.springframework.aop.framework.CglibAopProxy$CglibMethodInvocation.proceed(CglibAopProxy.java:751)
	at org.springframework.aop.framework.CglibAopProxy$DynamicAdvisedInterceptor.intercept(CglibAopProxy.java:703)
	at com.scenic.ai.service.SyncService$$SpringCGLIB$$0.syncData(<generated>)
	at com.scenic.ai.scheduler.SyncScheduler.scheduleHourlySync(SyncScheduler.java:36)
	at java.base/jdk.internal.reflect.NativeMethodAccessorImpl.invoke0(Native Method)
	at java.base/jdk.internal.reflect.NativeMethodAccessorImpl.invoke(NativeMethodAccessorImpl.java:77)
	at java.base/jdk.internal.reflect.DelegatingMethodAccessorImpl.invoke(DelegatingMethodAccessorImpl.java:43)
	at java.base/java.lang.reflect.Method.invoke(Method.java:568)
	at org.springframework.scheduling.support.ScheduledMethodRunnable.run(ScheduledMethodRunnable.java:84)
	at org.springframework.scheduling.support.DelegatingErrorHandlingRunnable.run(DelegatingErrorHandlingRunnable.java:54)
	at org.springframework.scheduling.concurrent.ReschedulingRunnable.run(ReschedulingRunnable.java:96)
	at java.base/java.util.concurrent.Executors$RunnableAdapter.call(Executors.java:539)
	at java.base/java.util.concurrent.FutureTask.run(FutureTask.java:264)
	at java.base/java.util.concurrent.ScheduledThreadPoolExecutor$ScheduledFutureTask.run(ScheduledThreadPoolExecutor.java:304)
	at java.base/java.util.concurrent.ThreadPoolExecutor.runWorker(ThreadPoolExecutor.java:1136)
	at java.base/java.util.concurrent.ThreadPoolExecutor$Worker.run(ThreadPoolExecutor.java:635)
	at java.base/java.lang.Thread.run(Thread.java:842)
Caused by: dm.jdbc.driver.DMException: 网络通信异常
	at dm.jdbc.driver.DBError.throwException(SourceFile:847)
	at dm.jdbc.a.a.init(SourceFile:215)
	at dm.jdbc.a.a.<init>(SourceFile:182)
	at dm.jdbc.driver.DmdbConnection.openConnection(SourceFile:761)
	at dm.jdbc.internal.conf.EP.connect(SourceFile:145)
	at dm.jdbc.internal.conf.EPGroup$EPSelector.select(SourceFile:497)
	at dm.jdbc.internal.conf.EPGroup.connect(SourceFile:340)
	at dm.jdbc.driver.DmDriver.do_connect(SourceFile:164)
	at dm.jdbc.driver.DmDriver.connect(SourceFile:450)
	at com.zaxxer.hikari.util.DriverDataSource.getConnection(DriverDataSource.java:138)
	at com.zaxxer.hikari.pool.PoolBase.newConnection(PoolBase.java:359)
	at com.zaxxer.hikari.pool.PoolBase.newPoolEntry(PoolBase.java:201)
	at com.zaxxer.hikari.pool.HikariPool.createPoolEntry(HikariPool.java:470)
	at com.zaxxer.hikari.pool.HikariPool.checkFailFast(HikariPool.java:561)
	at com.zaxxer.hikari.pool.HikariPool.<init>(HikariPool.java:100)
	at com.zaxxer.hikari.HikariDataSource.getConnection(HikariDataSource.java:112)
	at org.springframework.jdbc.datasource.DataSourceTransactionManager.doBegin(DataSourceTransactionManager.java:269)
	... 23 common frames omitted
Caused by: java.net.SocketTimeoutException: Connect timed out
	at java.base/sun.nio.ch.NioSocketImpl.timedFinishConnect(NioSocketImpl.java:551)
	at java.base/sun.nio.ch.NioSocketImpl.connect(NioSocketImpl.java:602)
	at java.base/java.net.SocksSocketImpl.connect(SocksSocketImpl.java:327)
	at java.base/java.net.Socket.connect(Socket.java:633)
	at dm.jdbc.a.c.d(SourceFile:110)
	at dm.jdbc.a.c.b(SourceFile:68)
	at dm.jdbc.a.c.g(SourceFile:1)
	at dm.jdbc.a.a.init(SourceFile:209)
	... 38 common frames omitted
2025-04-14 16:00:12.052 [scheduled-task-2] ERROR com.zaxxer.hikari.pool.HikariPool - HikariCP - Exception during pool initialization.
dm.jdbc.driver.DMException: 网络通信异常
	at dm.jdbc.driver.DBError.throwException(SourceFile:847)
	at dm.jdbc.a.a.init(SourceFile:215)
	at dm.jdbc.a.a.<init>(SourceFile:182)
	at dm.jdbc.driver.DmdbConnection.openConnection(SourceFile:761)
	at dm.jdbc.internal.conf.EP.connect(SourceFile:145)
	at dm.jdbc.internal.conf.EPGroup$EPSelector.select(SourceFile:497)
	at dm.jdbc.internal.conf.EPGroup.connect(SourceFile:340)
	at dm.jdbc.driver.DmDriver.do_connect(SourceFile:164)
	at dm.jdbc.driver.DmDriver.connect(SourceFile:450)
	at com.zaxxer.hikari.util.DriverDataSource.getConnection(DriverDataSource.java:138)
	at com.zaxxer.hikari.pool.PoolBase.newConnection(PoolBase.java:359)
	at com.zaxxer.hikari.pool.PoolBase.newPoolEntry(PoolBase.java:201)
	at com.zaxxer.hikari.pool.HikariPool.createPoolEntry(HikariPool.java:470)
	at com.zaxxer.hikari.pool.HikariPool.checkFailFast(HikariPool.java:561)
	at com.zaxxer.hikari.pool.HikariPool.<init>(HikariPool.java:100)
	at com.zaxxer.hikari.HikariDataSource.getConnection(HikariDataSource.java:112)
	at org.springframework.jdbc.datasource.DataSourceTransactionManager.doBegin(DataSourceTransactionManager.java:269)
	at org.springframework.transaction.support.AbstractPlatformTransactionManager.startTransaction(AbstractPlatformTransactionManager.java:400)
	at org.springframework.transaction.support.AbstractPlatformTransactionManager.getTransaction(AbstractPlatformTransactionManager.java:373)
	at org.springframework.transaction.interceptor.TransactionAspectSupport.createTransactionIfNecessary(TransactionAspectSupport.java:601)
	at org.springframework.transaction.interceptor.TransactionAspectSupport.invokeWithinTransaction(TransactionAspectSupport.java:385)
	at org.springframework.transaction.interceptor.TransactionInterceptor.invoke(TransactionInterceptor.java:119)
	at org.springframework.aop.framework.ReflectiveMethodInvocation.proceed(ReflectiveMethodInvocation.java:184)
	at org.springframework.aop.framework.CglibAopProxy$CglibMethodInvocation.proceed(CglibAopProxy.java:751)
	at org.springframework.aop.framework.CglibAopProxy$DynamicAdvisedInterceptor.intercept(CglibAopProxy.java:703)
	at com.scenic.ai.service.impl.CrowdCountServiceImpl$$SpringCGLIB$$0.findExceedThresholdCounts(<generated>)
	at com.scenic.ai.service.SchedulerService.checkFlowAlerts(SchedulerService.java:53)
	at com.scenic.ai.service.SchedulerService.checkAlerts(SchedulerService.java:39)
	at java.base/jdk.internal.reflect.NativeMethodAccessorImpl.invoke0(Native Method)
	at java.base/jdk.internal.reflect.NativeMethodAccessorImpl.invoke(NativeMethodAccessorImpl.java:77)
	at java.base/jdk.internal.reflect.DelegatingMethodAccessorImpl.invoke(DelegatingMethodAccessorImpl.java:43)
	at java.base/java.lang.reflect.Method.invoke(Method.java:568)
	at org.springframework.scheduling.support.ScheduledMethodRunnable.run(ScheduledMethodRunnable.java:84)
	at org.springframework.scheduling.support.DelegatingErrorHandlingRunnable.run(DelegatingErrorHandlingRunnable.java:54)
	at org.springframework.scheduling.concurrent.ReschedulingRunnable.run(ReschedulingRunnable.java:96)
	at java.base/java.util.concurrent.Executors$RunnableAdapter.call(Executors.java:539)
	at java.base/java.util.concurrent.FutureTask.run(FutureTask.java:264)
	at java.base/java.util.concurrent.ScheduledThreadPoolExecutor$ScheduledFutureTask.run(ScheduledThreadPoolExecutor.java:304)
	at java.base/java.util.concurrent.ThreadPoolExecutor.runWorker(ThreadPoolExecutor.java:1136)
	at java.base/java.util.concurrent.ThreadPoolExecutor$Worker.run(ThreadPoolExecutor.java:635)
	at java.base/java.lang.Thread.run(Thread.java:842)
Caused by: java.net.SocketTimeoutException: Connect timed out
	at java.base/sun.nio.ch.NioSocketImpl.timedFinishConnect(NioSocketImpl.java:551)
	at java.base/sun.nio.ch.NioSocketImpl.connect(NioSocketImpl.java:602)
	at java.base/java.net.SocksSocketImpl.connect(SocksSocketImpl.java:327)
	at java.base/java.net.Socket.connect(Socket.java:633)
	at dm.jdbc.a.c.d(SourceFile:110)
	at dm.jdbc.a.c.b(SourceFile:68)
	at dm.jdbc.a.c.g(SourceFile:1)
	at dm.jdbc.a.a.init(SourceFile:209)
	... 39 common frames omitted
2025-04-14 16:00:12.067 [scheduled-task-2] ERROR com.scenic.ai.service.SchedulerService - 告警检查失败
org.springframework.transaction.CannotCreateTransactionException: Could not open JDBC Connection for transaction
	at org.springframework.jdbc.datasource.DataSourceTransactionManager.doBegin(DataSourceTransactionManager.java:313)
	at org.springframework.transaction.support.AbstractPlatformTransactionManager.startTransaction(AbstractPlatformTransactionManager.java:400)
	at org.springframework.transaction.support.AbstractPlatformTransactionManager.getTransaction(AbstractPlatformTransactionManager.java:373)
	at org.springframework.transaction.interceptor.TransactionAspectSupport.createTransactionIfNecessary(TransactionAspectSupport.java:601)
	at org.springframework.transaction.interceptor.TransactionAspectSupport.invokeWithinTransaction(TransactionAspectSupport.java:385)
	at org.springframework.transaction.interceptor.TransactionInterceptor.invoke(TransactionInterceptor.java:119)
	at org.springframework.aop.framework.ReflectiveMethodInvocation.proceed(ReflectiveMethodInvocation.java:184)
	at org.springframework.aop.framework.CglibAopProxy$CglibMethodInvocation.proceed(CglibAopProxy.java:751)
	at org.springframework.aop.framework.CglibAopProxy$DynamicAdvisedInterceptor.intercept(CglibAopProxy.java:703)
	at com.scenic.ai.service.impl.CrowdCountServiceImpl$$SpringCGLIB$$0.findExceedThresholdCounts(<generated>)
	at com.scenic.ai.service.SchedulerService.checkFlowAlerts(SchedulerService.java:53)
	at com.scenic.ai.service.SchedulerService.checkAlerts(SchedulerService.java:39)
	at java.base/jdk.internal.reflect.NativeMethodAccessorImpl.invoke0(Native Method)
	at java.base/jdk.internal.reflect.NativeMethodAccessorImpl.invoke(NativeMethodAccessorImpl.java:77)
	at java.base/jdk.internal.reflect.DelegatingMethodAccessorImpl.invoke(DelegatingMethodAccessorImpl.java:43)
	at java.base/java.lang.reflect.Method.invoke(Method.java:568)
	at org.springframework.scheduling.support.ScheduledMethodRunnable.run(ScheduledMethodRunnable.java:84)
	at org.springframework.scheduling.support.DelegatingErrorHandlingRunnable.run(DelegatingErrorHandlingRunnable.java:54)
	at org.springframework.scheduling.concurrent.ReschedulingRunnable.run(ReschedulingRunnable.java:96)
	at java.base/java.util.concurrent.Executors$RunnableAdapter.call(Executors.java:539)
	at java.base/java.util.concurrent.FutureTask.run(FutureTask.java:264)
	at java.base/java.util.concurrent.ScheduledThreadPoolExecutor$ScheduledFutureTask.run(ScheduledThreadPoolExecutor.java:304)
	at java.base/java.util.concurrent.ThreadPoolExecutor.runWorker(ThreadPoolExecutor.java:1136)
	at java.base/java.util.concurrent.ThreadPoolExecutor$Worker.run(ThreadPoolExecutor.java:635)
	at java.base/java.lang.Thread.run(Thread.java:842)
Caused by: dm.jdbc.driver.DMException: 网络通信异常
	at dm.jdbc.driver.DBError.throwException(SourceFile:847)
	at dm.jdbc.a.a.init(SourceFile:215)
	at dm.jdbc.a.a.<init>(SourceFile:182)
	at dm.jdbc.driver.DmdbConnection.openConnection(SourceFile:761)
	at dm.jdbc.internal.conf.EP.connect(SourceFile:145)
	at dm.jdbc.internal.conf.EPGroup$EPSelector.select(SourceFile:497)
	at dm.jdbc.internal.conf.EPGroup.connect(SourceFile:340)
	at dm.jdbc.driver.DmDriver.do_connect(SourceFile:164)
	at dm.jdbc.driver.DmDriver.connect(SourceFile:450)
	at com.zaxxer.hikari.util.DriverDataSource.getConnection(DriverDataSource.java:138)
	at com.zaxxer.hikari.pool.PoolBase.newConnection(PoolBase.java:359)
	at com.zaxxer.hikari.pool.PoolBase.newPoolEntry(PoolBase.java:201)
	at com.zaxxer.hikari.pool.HikariPool.createPoolEntry(HikariPool.java:470)
	at com.zaxxer.hikari.pool.HikariPool.checkFailFast(HikariPool.java:561)
	at com.zaxxer.hikari.pool.HikariPool.<init>(HikariPool.java:100)
	at com.zaxxer.hikari.HikariDataSource.getConnection(HikariDataSource.java:112)
	at org.springframework.jdbc.datasource.DataSourceTransactionManager.doBegin(DataSourceTransactionManager.java:269)
	... 24 common frames omitted
Caused by: java.net.SocketTimeoutException: Connect timed out
	at java.base/sun.nio.ch.NioSocketImpl.timedFinishConnect(NioSocketImpl.java:551)
	at java.base/sun.nio.ch.NioSocketImpl.connect(NioSocketImpl.java:602)
	at java.base/java.net.SocksSocketImpl.connect(SocksSocketImpl.java:327)
	at java.base/java.net.Socket.connect(Socket.java:633)
	at dm.jdbc.a.c.d(SourceFile:110)
	at dm.jdbc.a.c.b(SourceFile:68)
	at dm.jdbc.a.c.g(SourceFile:1)
	at dm.jdbc.a.a.init(SourceFile:209)
	... 39 common frames omitted
2025-04-14 16:00:12.092 [scheduled-task-2] ERROR com.scenic.ai.config.SchedulerConfig - Error in scheduled task
org.springframework.transaction.CannotCreateTransactionException: Could not open JDBC Connection for transaction
	at org.springframework.jdbc.datasource.DataSourceTransactionManager.doBegin(DataSourceTransactionManager.java:313)
	at org.springframework.transaction.support.AbstractPlatformTransactionManager.startTransaction(AbstractPlatformTransactionManager.java:400)
	at org.springframework.transaction.support.AbstractPlatformTransactionManager.getTransaction(AbstractPlatformTransactionManager.java:373)
	at org.springframework.transaction.interceptor.TransactionAspectSupport.createTransactionIfNecessary(TransactionAspectSupport.java:601)
	at org.springframework.transaction.interceptor.TransactionAspectSupport.invokeWithinTransaction(TransactionAspectSupport.java:385)
	at org.springframework.transaction.interceptor.TransactionInterceptor.invoke(TransactionInterceptor.java:119)
	at org.springframework.aop.framework.ReflectiveMethodInvocation.proceed(ReflectiveMethodInvocation.java:184)
	at org.springframework.aop.framework.CglibAopProxy$CglibMethodInvocation.proceed(CglibAopProxy.java:751)
	at org.springframework.aop.framework.CglibAopProxy$DynamicAdvisedInterceptor.intercept(CglibAopProxy.java:703)
	at com.scenic.ai.service.impl.CrowdCountServiceImpl$$SpringCGLIB$$0.findExceedThresholdCounts(<generated>)
	at com.scenic.ai.service.SchedulerService.checkFlowAlerts(SchedulerService.java:53)
	at com.scenic.ai.service.SchedulerService.checkAlerts(SchedulerService.java:39)
	at java.base/jdk.internal.reflect.NativeMethodAccessorImpl.invoke0(Native Method)
	at java.base/jdk.internal.reflect.NativeMethodAccessorImpl.invoke(NativeMethodAccessorImpl.java:77)
	at java.base/jdk.internal.reflect.DelegatingMethodAccessorImpl.invoke(DelegatingMethodAccessorImpl.java:43)
	at java.base/java.lang.reflect.Method.invoke(Method.java:568)
	at org.springframework.scheduling.support.ScheduledMethodRunnable.run(ScheduledMethodRunnable.java:84)
	at org.springframework.scheduling.support.DelegatingErrorHandlingRunnable.run(DelegatingErrorHandlingRunnable.java:54)
	at org.springframework.scheduling.concurrent.ReschedulingRunnable.run(ReschedulingRunnable.java:96)
	at java.base/java.util.concurrent.Executors$RunnableAdapter.call(Executors.java:539)
	at java.base/java.util.concurrent.FutureTask.run(FutureTask.java:264)
	at java.base/java.util.concurrent.ScheduledThreadPoolExecutor$ScheduledFutureTask.run(ScheduledThreadPoolExecutor.java:304)
	at java.base/java.util.concurrent.ThreadPoolExecutor.runWorker(ThreadPoolExecutor.java:1136)
	at java.base/java.util.concurrent.ThreadPoolExecutor$Worker.run(ThreadPoolExecutor.java:635)
	at java.base/java.lang.Thread.run(Thread.java:842)
Caused by: dm.jdbc.driver.DMException: 网络通信异常
	at dm.jdbc.driver.DBError.throwException(SourceFile:847)
	at dm.jdbc.a.a.init(SourceFile:215)
	at dm.jdbc.a.a.<init>(SourceFile:182)
	at dm.jdbc.driver.DmdbConnection.openConnection(SourceFile:761)
	at dm.jdbc.internal.conf.EP.connect(SourceFile:145)
	at dm.jdbc.internal.conf.EPGroup$EPSelector.select(SourceFile:497)
	at dm.jdbc.internal.conf.EPGroup.connect(SourceFile:340)
	at dm.jdbc.driver.DmDriver.do_connect(SourceFile:164)
	at dm.jdbc.driver.DmDriver.connect(SourceFile:450)
	at com.zaxxer.hikari.util.DriverDataSource.getConnection(DriverDataSource.java:138)
	at com.zaxxer.hikari.pool.PoolBase.newConnection(PoolBase.java:359)
	at com.zaxxer.hikari.pool.PoolBase.newPoolEntry(PoolBase.java:201)
	at com.zaxxer.hikari.pool.HikariPool.createPoolEntry(HikariPool.java:470)
	at com.zaxxer.hikari.pool.HikariPool.checkFailFast(HikariPool.java:561)
	at com.zaxxer.hikari.pool.HikariPool.<init>(HikariPool.java:100)
	at com.zaxxer.hikari.HikariDataSource.getConnection(HikariDataSource.java:112)
	at org.springframework.jdbc.datasource.DataSourceTransactionManager.doBegin(DataSourceTransactionManager.java:269)
	... 24 common frames omitted
Caused by: java.net.SocketTimeoutException: Connect timed out
	at java.base/sun.nio.ch.NioSocketImpl.timedFinishConnect(NioSocketImpl.java:551)
	at java.base/sun.nio.ch.NioSocketImpl.connect(NioSocketImpl.java:602)
	at java.base/java.net.SocksSocketImpl.connect(SocksSocketImpl.java:327)
	at java.base/java.net.Socket.connect(Socket.java:633)
	at dm.jdbc.a.c.d(SourceFile:110)
	at dm.jdbc.a.c.b(SourceFile:68)
	at dm.jdbc.a.c.g(SourceFile:1)
	at dm.jdbc.a.a.init(SourceFile:209)
	... 39 common frames omitted
2025-04-14 16:05:00.021 [scheduled-task-6] INFO  com.scenic.ai.service.SchedulerService - 开始检查告警条件
2025-04-14 16:05:00.021 [scheduled-task-6] INFO  com.zaxxer.hikari.HikariDataSource - HikariCP - Starting...
2025-04-14 16:05:06.043 [scheduled-task-6] ERROR com.zaxxer.hikari.pool.HikariPool - HikariCP - Exception during pool initialization.
dm.jdbc.driver.DMException: 网络通信异常
	at dm.jdbc.driver.DBError.throwException(SourceFile:847)
	at dm.jdbc.a.a.init(SourceFile:215)
	at dm.jdbc.a.a.<init>(SourceFile:182)
	at dm.jdbc.driver.DmdbConnection.openConnection(SourceFile:761)
	at dm.jdbc.internal.conf.EP.connect(SourceFile:145)
	at dm.jdbc.internal.conf.EPGroup$EPSelector.select(SourceFile:497)
	at dm.jdbc.internal.conf.EPGroup.connect(SourceFile:340)
	at dm.jdbc.driver.DmDriver.do_connect(SourceFile:164)
	at dm.jdbc.driver.DmDriver.connect(SourceFile:450)
	at com.zaxxer.hikari.util.DriverDataSource.getConnection(DriverDataSource.java:138)
	at com.zaxxer.hikari.pool.PoolBase.newConnection(PoolBase.java:359)
	at com.zaxxer.hikari.pool.PoolBase.newPoolEntry(PoolBase.java:201)
	at com.zaxxer.hikari.pool.HikariPool.createPoolEntry(HikariPool.java:470)
	at com.zaxxer.hikari.pool.HikariPool.checkFailFast(HikariPool.java:561)
	at com.zaxxer.hikari.pool.HikariPool.<init>(HikariPool.java:100)
	at com.zaxxer.hikari.HikariDataSource.getConnection(HikariDataSource.java:112)
	at org.springframework.jdbc.datasource.DataSourceTransactionManager.doBegin(DataSourceTransactionManager.java:269)
	at org.springframework.transaction.support.AbstractPlatformTransactionManager.startTransaction(AbstractPlatformTransactionManager.java:400)
	at org.springframework.transaction.support.AbstractPlatformTransactionManager.getTransaction(AbstractPlatformTransactionManager.java:373)
	at org.springframework.transaction.interceptor.TransactionAspectSupport.createTransactionIfNecessary(TransactionAspectSupport.java:601)
	at org.springframework.transaction.interceptor.TransactionAspectSupport.invokeWithinTransaction(TransactionAspectSupport.java:385)
	at org.springframework.transaction.interceptor.TransactionInterceptor.invoke(TransactionInterceptor.java:119)
	at org.springframework.aop.framework.ReflectiveMethodInvocation.proceed(ReflectiveMethodInvocation.java:184)
	at org.springframework.aop.framework.CglibAopProxy$CglibMethodInvocation.proceed(CglibAopProxy.java:751)
	at org.springframework.aop.framework.CglibAopProxy$DynamicAdvisedInterceptor.intercept(CglibAopProxy.java:703)
	at com.scenic.ai.service.impl.CrowdCountServiceImpl$$SpringCGLIB$$0.findExceedThresholdCounts(<generated>)
	at com.scenic.ai.service.SchedulerService.checkFlowAlerts(SchedulerService.java:53)
	at com.scenic.ai.service.SchedulerService.checkAlerts(SchedulerService.java:39)
	at java.base/jdk.internal.reflect.NativeMethodAccessorImpl.invoke0(Native Method)
	at java.base/jdk.internal.reflect.NativeMethodAccessorImpl.invoke(NativeMethodAccessorImpl.java:77)
	at java.base/jdk.internal.reflect.DelegatingMethodAccessorImpl.invoke(DelegatingMethodAccessorImpl.java:43)
	at java.base/java.lang.reflect.Method.invoke(Method.java:568)
	at org.springframework.scheduling.support.ScheduledMethodRunnable.run(ScheduledMethodRunnable.java:84)
	at org.springframework.scheduling.support.DelegatingErrorHandlingRunnable.run(DelegatingErrorHandlingRunnable.java:54)
	at org.springframework.scheduling.concurrent.ReschedulingRunnable.run(ReschedulingRunnable.java:96)
	at java.base/java.util.concurrent.Executors$RunnableAdapter.call(Executors.java:539)
	at java.base/java.util.concurrent.FutureTask.run(FutureTask.java:264)
	at java.base/java.util.concurrent.ScheduledThreadPoolExecutor$ScheduledFutureTask.run(ScheduledThreadPoolExecutor.java:304)
	at java.base/java.util.concurrent.ThreadPoolExecutor.runWorker(ThreadPoolExecutor.java:1136)
	at java.base/java.util.concurrent.ThreadPoolExecutor$Worker.run(ThreadPoolExecutor.java:635)
	at java.base/java.lang.Thread.run(Thread.java:842)
Caused by: java.net.SocketTimeoutException: Connect timed out
	at java.base/sun.nio.ch.NioSocketImpl.timedFinishConnect(NioSocketImpl.java:551)
	at java.base/sun.nio.ch.NioSocketImpl.connect(NioSocketImpl.java:602)
	at java.base/java.net.SocksSocketImpl.connect(SocksSocketImpl.java:327)
	at java.base/java.net.Socket.connect(Socket.java:633)
	at dm.jdbc.a.c.d(SourceFile:110)
	at dm.jdbc.a.c.b(SourceFile:68)
	at dm.jdbc.a.c.g(SourceFile:1)
	at dm.jdbc.a.a.init(SourceFile:209)
	... 39 common frames omitted
2025-04-14 16:05:06.050 [scheduled-task-6] ERROR com.scenic.ai.service.SchedulerService - 告警检查失败
org.springframework.transaction.CannotCreateTransactionException: Could not open JDBC Connection for transaction
	at org.springframework.jdbc.datasource.DataSourceTransactionManager.doBegin(DataSourceTransactionManager.java:313)
	at org.springframework.transaction.support.AbstractPlatformTransactionManager.startTransaction(AbstractPlatformTransactionManager.java:400)
	at org.springframework.transaction.support.AbstractPlatformTransactionManager.getTransaction(AbstractPlatformTransactionManager.java:373)
	at org.springframework.transaction.interceptor.TransactionAspectSupport.createTransactionIfNecessary(TransactionAspectSupport.java:601)
	at org.springframework.transaction.interceptor.TransactionAspectSupport.invokeWithinTransaction(TransactionAspectSupport.java:385)
	at org.springframework.transaction.interceptor.TransactionInterceptor.invoke(TransactionInterceptor.java:119)
	at org.springframework.aop.framework.ReflectiveMethodInvocation.proceed(ReflectiveMethodInvocation.java:184)
	at org.springframework.aop.framework.CglibAopProxy$CglibMethodInvocation.proceed(CglibAopProxy.java:751)
	at org.springframework.aop.framework.CglibAopProxy$DynamicAdvisedInterceptor.intercept(CglibAopProxy.java:703)
	at com.scenic.ai.service.impl.CrowdCountServiceImpl$$SpringCGLIB$$0.findExceedThresholdCounts(<generated>)
	at com.scenic.ai.service.SchedulerService.checkFlowAlerts(SchedulerService.java:53)
	at com.scenic.ai.service.SchedulerService.checkAlerts(SchedulerService.java:39)
	at java.base/jdk.internal.reflect.NativeMethodAccessorImpl.invoke0(Native Method)
	at java.base/jdk.internal.reflect.NativeMethodAccessorImpl.invoke(NativeMethodAccessorImpl.java:77)
	at java.base/jdk.internal.reflect.DelegatingMethodAccessorImpl.invoke(DelegatingMethodAccessorImpl.java:43)
	at java.base/java.lang.reflect.Method.invoke(Method.java:568)
	at org.springframework.scheduling.support.ScheduledMethodRunnable.run(ScheduledMethodRunnable.java:84)
	at org.springframework.scheduling.support.DelegatingErrorHandlingRunnable.run(DelegatingErrorHandlingRunnable.java:54)
	at org.springframework.scheduling.concurrent.ReschedulingRunnable.run(ReschedulingRunnable.java:96)
	at java.base/java.util.concurrent.Executors$RunnableAdapter.call(Executors.java:539)
	at java.base/java.util.concurrent.FutureTask.run(FutureTask.java:264)
	at java.base/java.util.concurrent.ScheduledThreadPoolExecutor$ScheduledFutureTask.run(ScheduledThreadPoolExecutor.java:304)
	at java.base/java.util.concurrent.ThreadPoolExecutor.runWorker(ThreadPoolExecutor.java:1136)
	at java.base/java.util.concurrent.ThreadPoolExecutor$Worker.run(ThreadPoolExecutor.java:635)
	at java.base/java.lang.Thread.run(Thread.java:842)
Caused by: dm.jdbc.driver.DMException: 网络通信异常
	at dm.jdbc.driver.DBError.throwException(SourceFile:847)
	at dm.jdbc.a.a.init(SourceFile:215)
	at dm.jdbc.a.a.<init>(SourceFile:182)
	at dm.jdbc.driver.DmdbConnection.openConnection(SourceFile:761)
	at dm.jdbc.internal.conf.EP.connect(SourceFile:145)
	at dm.jdbc.internal.conf.EPGroup$EPSelector.select(SourceFile:497)
	at dm.jdbc.internal.conf.EPGroup.connect(SourceFile:340)
	at dm.jdbc.driver.DmDriver.do_connect(SourceFile:164)
	at dm.jdbc.driver.DmDriver.connect(SourceFile:450)
	at com.zaxxer.hikari.util.DriverDataSource.getConnection(DriverDataSource.java:138)
	at com.zaxxer.hikari.pool.PoolBase.newConnection(PoolBase.java:359)
	at com.zaxxer.hikari.pool.PoolBase.newPoolEntry(PoolBase.java:201)
	at com.zaxxer.hikari.pool.HikariPool.createPoolEntry(HikariPool.java:470)
	at com.zaxxer.hikari.pool.HikariPool.checkFailFast(HikariPool.java:561)
	at com.zaxxer.hikari.pool.HikariPool.<init>(HikariPool.java:100)
	at com.zaxxer.hikari.HikariDataSource.getConnection(HikariDataSource.java:112)
	at org.springframework.jdbc.datasource.DataSourceTransactionManager.doBegin(DataSourceTransactionManager.java:269)
	... 24 common frames omitted
Caused by: java.net.SocketTimeoutException: Connect timed out
	at java.base/sun.nio.ch.NioSocketImpl.timedFinishConnect(NioSocketImpl.java:551)
	at java.base/sun.nio.ch.NioSocketImpl.connect(NioSocketImpl.java:602)
	at java.base/java.net.SocksSocketImpl.connect(SocksSocketImpl.java:327)
	at java.base/java.net.Socket.connect(Socket.java:633)
	at dm.jdbc.a.c.d(SourceFile:110)
	at dm.jdbc.a.c.b(SourceFile:68)
	at dm.jdbc.a.c.g(SourceFile:1)
	at dm.jdbc.a.a.init(SourceFile:209)
	... 39 common frames omitted
2025-04-14 16:05:06.060 [scheduled-task-6] ERROR com.scenic.ai.config.SchedulerConfig - Error in scheduled task
org.springframework.transaction.CannotCreateTransactionException: Could not open JDBC Connection for transaction
	at org.springframework.jdbc.datasource.DataSourceTransactionManager.doBegin(DataSourceTransactionManager.java:313)
	at org.springframework.transaction.support.AbstractPlatformTransactionManager.startTransaction(AbstractPlatformTransactionManager.java:400)
	at org.springframework.transaction.support.AbstractPlatformTransactionManager.getTransaction(AbstractPlatformTransactionManager.java:373)
	at org.springframework.transaction.interceptor.TransactionAspectSupport.createTransactionIfNecessary(TransactionAspectSupport.java:601)
	at org.springframework.transaction.interceptor.TransactionAspectSupport.invokeWithinTransaction(TransactionAspectSupport.java:385)
	at org.springframework.transaction.interceptor.TransactionInterceptor.invoke(TransactionInterceptor.java:119)
	at org.springframework.aop.framework.ReflectiveMethodInvocation.proceed(ReflectiveMethodInvocation.java:184)
	at org.springframework.aop.framework.CglibAopProxy$CglibMethodInvocation.proceed(CglibAopProxy.java:751)
	at org.springframework.aop.framework.CglibAopProxy$DynamicAdvisedInterceptor.intercept(CglibAopProxy.java:703)
	at com.scenic.ai.service.impl.CrowdCountServiceImpl$$SpringCGLIB$$0.findExceedThresholdCounts(<generated>)
	at com.scenic.ai.service.SchedulerService.checkFlowAlerts(SchedulerService.java:53)
	at com.scenic.ai.service.SchedulerService.checkAlerts(SchedulerService.java:39)
	at java.base/jdk.internal.reflect.NativeMethodAccessorImpl.invoke0(Native Method)
	at java.base/jdk.internal.reflect.NativeMethodAccessorImpl.invoke(NativeMethodAccessorImpl.java:77)
	at java.base/jdk.internal.reflect.DelegatingMethodAccessorImpl.invoke(DelegatingMethodAccessorImpl.java:43)
	at java.base/java.lang.reflect.Method.invoke(Method.java:568)
	at org.springframework.scheduling.support.ScheduledMethodRunnable.run(ScheduledMethodRunnable.java:84)
	at org.springframework.scheduling.support.DelegatingErrorHandlingRunnable.run(DelegatingErrorHandlingRunnable.java:54)
	at org.springframework.scheduling.concurrent.ReschedulingRunnable.run(ReschedulingRunnable.java:96)
	at java.base/java.util.concurrent.Executors$RunnableAdapter.call(Executors.java:539)
	at java.base/java.util.concurrent.FutureTask.run(FutureTask.java:264)
	at java.base/java.util.concurrent.ScheduledThreadPoolExecutor$ScheduledFutureTask.run(ScheduledThreadPoolExecutor.java:304)
	at java.base/java.util.concurrent.ThreadPoolExecutor.runWorker(ThreadPoolExecutor.java:1136)
	at java.base/java.util.concurrent.ThreadPoolExecutor$Worker.run(ThreadPoolExecutor.java:635)
	at java.base/java.lang.Thread.run(Thread.java:842)
Caused by: dm.jdbc.driver.DMException: 网络通信异常
	at dm.jdbc.driver.DBError.throwException(SourceFile:847)
	at dm.jdbc.a.a.init(SourceFile:215)
	at dm.jdbc.a.a.<init>(SourceFile:182)
	at dm.jdbc.driver.DmdbConnection.openConnection(SourceFile:761)
	at dm.jdbc.internal.conf.EP.connect(SourceFile:145)
	at dm.jdbc.internal.conf.EPGroup$EPSelector.select(SourceFile:497)
	at dm.jdbc.internal.conf.EPGroup.connect(SourceFile:340)
	at dm.jdbc.driver.DmDriver.do_connect(SourceFile:164)
	at dm.jdbc.driver.DmDriver.connect(SourceFile:450)
	at com.zaxxer.hikari.util.DriverDataSource.getConnection(DriverDataSource.java:138)
	at com.zaxxer.hikari.pool.PoolBase.newConnection(PoolBase.java:359)
	at com.zaxxer.hikari.pool.PoolBase.newPoolEntry(PoolBase.java:201)
	at com.zaxxer.hikari.pool.HikariPool.createPoolEntry(HikariPool.java:470)
	at com.zaxxer.hikari.pool.HikariPool.checkFailFast(HikariPool.java:561)
	at com.zaxxer.hikari.pool.HikariPool.<init>(HikariPool.java:100)
	at com.zaxxer.hikari.HikariDataSource.getConnection(HikariDataSource.java:112)
	at org.springframework.jdbc.datasource.DataSourceTransactionManager.doBegin(DataSourceTransactionManager.java:269)
	... 24 common frames omitted
Caused by: java.net.SocketTimeoutException: Connect timed out
	at java.base/sun.nio.ch.NioSocketImpl.timedFinishConnect(NioSocketImpl.java:551)
	at java.base/sun.nio.ch.NioSocketImpl.connect(NioSocketImpl.java:602)
	at java.base/java.net.SocksSocketImpl.connect(SocksSocketImpl.java:327)
	at java.base/java.net.Socket.connect(Socket.java:633)
	at dm.jdbc.a.c.d(SourceFile:110)
	at dm.jdbc.a.c.b(SourceFile:68)
	at dm.jdbc.a.c.g(SourceFile:1)
	at dm.jdbc.a.a.init(SourceFile:209)
	... 39 common frames omitted
2025-04-14 16:10:00.012 [scheduled-task-4] INFO  com.scenic.ai.service.SchedulerService - 开始检查告警条件
2025-04-14 16:10:00.012 [scheduled-task-4] INFO  com.zaxxer.hikari.HikariDataSource - HikariCP - Starting...
2025-04-14 16:10:06.036 [scheduled-task-4] ERROR com.zaxxer.hikari.pool.HikariPool - HikariCP - Exception during pool initialization.
dm.jdbc.driver.DMException: 网络通信异常
	at dm.jdbc.driver.DBError.throwException(SourceFile:847)
	at dm.jdbc.a.a.init(SourceFile:215)
	at dm.jdbc.a.a.<init>(SourceFile:182)
	at dm.jdbc.driver.DmdbConnection.openConnection(SourceFile:761)
	at dm.jdbc.internal.conf.EP.connect(SourceFile:145)
	at dm.jdbc.internal.conf.EPGroup$EPSelector.select(SourceFile:497)
	at dm.jdbc.internal.conf.EPGroup.connect(SourceFile:340)
	at dm.jdbc.driver.DmDriver.do_connect(SourceFile:164)
	at dm.jdbc.driver.DmDriver.connect(SourceFile:450)
	at com.zaxxer.hikari.util.DriverDataSource.getConnection(DriverDataSource.java:138)
	at com.zaxxer.hikari.pool.PoolBase.newConnection(PoolBase.java:359)
	at com.zaxxer.hikari.pool.PoolBase.newPoolEntry(PoolBase.java:201)
	at com.zaxxer.hikari.pool.HikariPool.createPoolEntry(HikariPool.java:470)
	at com.zaxxer.hikari.pool.HikariPool.checkFailFast(HikariPool.java:561)
	at com.zaxxer.hikari.pool.HikariPool.<init>(HikariPool.java:100)
	at com.zaxxer.hikari.HikariDataSource.getConnection(HikariDataSource.java:112)
	at org.springframework.jdbc.datasource.DataSourceTransactionManager.doBegin(DataSourceTransactionManager.java:269)
	at org.springframework.transaction.support.AbstractPlatformTransactionManager.startTransaction(AbstractPlatformTransactionManager.java:400)
	at org.springframework.transaction.support.AbstractPlatformTransactionManager.getTransaction(AbstractPlatformTransactionManager.java:373)
	at org.springframework.transaction.interceptor.TransactionAspectSupport.createTransactionIfNecessary(TransactionAspectSupport.java:601)
	at org.springframework.transaction.interceptor.TransactionAspectSupport.invokeWithinTransaction(TransactionAspectSupport.java:385)
	at org.springframework.transaction.interceptor.TransactionInterceptor.invoke(TransactionInterceptor.java:119)
	at org.springframework.aop.framework.ReflectiveMethodInvocation.proceed(ReflectiveMethodInvocation.java:184)
	at org.springframework.aop.framework.CglibAopProxy$CglibMethodInvocation.proceed(CglibAopProxy.java:751)
	at org.springframework.aop.framework.CglibAopProxy$DynamicAdvisedInterceptor.intercept(CglibAopProxy.java:703)
	at com.scenic.ai.service.impl.CrowdCountServiceImpl$$SpringCGLIB$$0.findExceedThresholdCounts(<generated>)
	at com.scenic.ai.service.SchedulerService.checkFlowAlerts(SchedulerService.java:53)
	at com.scenic.ai.service.SchedulerService.checkAlerts(SchedulerService.java:39)
	at java.base/jdk.internal.reflect.NativeMethodAccessorImpl.invoke0(Native Method)
	at java.base/jdk.internal.reflect.NativeMethodAccessorImpl.invoke(NativeMethodAccessorImpl.java:77)
	at java.base/jdk.internal.reflect.DelegatingMethodAccessorImpl.invoke(DelegatingMethodAccessorImpl.java:43)
	at java.base/java.lang.reflect.Method.invoke(Method.java:568)
	at org.springframework.scheduling.support.ScheduledMethodRunnable.run(ScheduledMethodRunnable.java:84)
	at org.springframework.scheduling.support.DelegatingErrorHandlingRunnable.run(DelegatingErrorHandlingRunnable.java:54)
	at org.springframework.scheduling.concurrent.ReschedulingRunnable.run(ReschedulingRunnable.java:96)
	at java.base/java.util.concurrent.Executors$RunnableAdapter.call(Executors.java:539)
	at java.base/java.util.concurrent.FutureTask.run(FutureTask.java:264)
	at java.base/java.util.concurrent.ScheduledThreadPoolExecutor$ScheduledFutureTask.run(ScheduledThreadPoolExecutor.java:304)
	at java.base/java.util.concurrent.ThreadPoolExecutor.runWorker(ThreadPoolExecutor.java:1136)
	at java.base/java.util.concurrent.ThreadPoolExecutor$Worker.run(ThreadPoolExecutor.java:635)
	at java.base/java.lang.Thread.run(Thread.java:842)
Caused by: java.net.SocketTimeoutException: Connect timed out
	at java.base/sun.nio.ch.NioSocketImpl.timedFinishConnect(NioSocketImpl.java:551)
	at java.base/sun.nio.ch.NioSocketImpl.connect(NioSocketImpl.java:602)
	at java.base/java.net.SocksSocketImpl.connect(SocksSocketImpl.java:327)
	at java.base/java.net.Socket.connect(Socket.java:633)
	at dm.jdbc.a.c.d(SourceFile:110)
	at dm.jdbc.a.c.b(SourceFile:68)
	at dm.jdbc.a.c.g(SourceFile:1)
	at dm.jdbc.a.a.init(SourceFile:209)
	... 39 common frames omitted
2025-04-14 16:10:06.039 [scheduled-task-4] ERROR com.scenic.ai.service.SchedulerService - 告警检查失败
org.springframework.transaction.CannotCreateTransactionException: Could not open JDBC Connection for transaction
	at org.springframework.jdbc.datasource.DataSourceTransactionManager.doBegin(DataSourceTransactionManager.java:313)
	at org.springframework.transaction.support.AbstractPlatformTransactionManager.startTransaction(AbstractPlatformTransactionManager.java:400)
	at org.springframework.transaction.support.AbstractPlatformTransactionManager.getTransaction(AbstractPlatformTransactionManager.java:373)
	at org.springframework.transaction.interceptor.TransactionAspectSupport.createTransactionIfNecessary(TransactionAspectSupport.java:601)
	at org.springframework.transaction.interceptor.TransactionAspectSupport.invokeWithinTransaction(TransactionAspectSupport.java:385)
	at org.springframework.transaction.interceptor.TransactionInterceptor.invoke(TransactionInterceptor.java:119)
	at org.springframework.aop.framework.ReflectiveMethodInvocation.proceed(ReflectiveMethodInvocation.java:184)
	at org.springframework.aop.framework.CglibAopProxy$CglibMethodInvocation.proceed(CglibAopProxy.java:751)
	at org.springframework.aop.framework.CglibAopProxy$DynamicAdvisedInterceptor.intercept(CglibAopProxy.java:703)
	at com.scenic.ai.service.impl.CrowdCountServiceImpl$$SpringCGLIB$$0.findExceedThresholdCounts(<generated>)
	at com.scenic.ai.service.SchedulerService.checkFlowAlerts(SchedulerService.java:53)
	at com.scenic.ai.service.SchedulerService.checkAlerts(SchedulerService.java:39)
	at java.base/jdk.internal.reflect.NativeMethodAccessorImpl.invoke0(Native Method)
	at java.base/jdk.internal.reflect.NativeMethodAccessorImpl.invoke(NativeMethodAccessorImpl.java:77)
	at java.base/jdk.internal.reflect.DelegatingMethodAccessorImpl.invoke(DelegatingMethodAccessorImpl.java:43)
	at java.base/java.lang.reflect.Method.invoke(Method.java:568)
	at org.springframework.scheduling.support.ScheduledMethodRunnable.run(ScheduledMethodRunnable.java:84)
	at org.springframework.scheduling.support.DelegatingErrorHandlingRunnable.run(DelegatingErrorHandlingRunnable.java:54)
	at org.springframework.scheduling.concurrent.ReschedulingRunnable.run(ReschedulingRunnable.java:96)
	at java.base/java.util.concurrent.Executors$RunnableAdapter.call(Executors.java:539)
	at java.base/java.util.concurrent.FutureTask.run(FutureTask.java:264)
	at java.base/java.util.concurrent.ScheduledThreadPoolExecutor$ScheduledFutureTask.run(ScheduledThreadPoolExecutor.java:304)
	at java.base/java.util.concurrent.ThreadPoolExecutor.runWorker(ThreadPoolExecutor.java:1136)
	at java.base/java.util.concurrent.ThreadPoolExecutor$Worker.run(ThreadPoolExecutor.java:635)
	at java.base/java.lang.Thread.run(Thread.java:842)
Caused by: dm.jdbc.driver.DMException: 网络通信异常
	at dm.jdbc.driver.DBError.throwException(SourceFile:847)
	at dm.jdbc.a.a.init(SourceFile:215)
	at dm.jdbc.a.a.<init>(SourceFile:182)
	at dm.jdbc.driver.DmdbConnection.openConnection(SourceFile:761)
	at dm.jdbc.internal.conf.EP.connect(SourceFile:145)
	at dm.jdbc.internal.conf.EPGroup$EPSelector.select(SourceFile:497)
	at dm.jdbc.internal.conf.EPGroup.connect(SourceFile:340)
	at dm.jdbc.driver.DmDriver.do_connect(SourceFile:164)
	at dm.jdbc.driver.DmDriver.connect(SourceFile:450)
	at com.zaxxer.hikari.util.DriverDataSource.getConnection(DriverDataSource.java:138)
	at com.zaxxer.hikari.pool.PoolBase.newConnection(PoolBase.java:359)
	at com.zaxxer.hikari.pool.PoolBase.newPoolEntry(PoolBase.java:201)
	at com.zaxxer.hikari.pool.HikariPool.createPoolEntry(HikariPool.java:470)
	at com.zaxxer.hikari.pool.HikariPool.checkFailFast(HikariPool.java:561)
	at com.zaxxer.hikari.pool.HikariPool.<init>(HikariPool.java:100)
	at com.zaxxer.hikari.HikariDataSource.getConnection(HikariDataSource.java:112)
	at org.springframework.jdbc.datasource.DataSourceTransactionManager.doBegin(DataSourceTransactionManager.java:269)
	... 24 common frames omitted
Caused by: java.net.SocketTimeoutException: Connect timed out
	at java.base/sun.nio.ch.NioSocketImpl.timedFinishConnect(NioSocketImpl.java:551)
	at java.base/sun.nio.ch.NioSocketImpl.connect(NioSocketImpl.java:602)
	at java.base/java.net.SocksSocketImpl.connect(SocksSocketImpl.java:327)
	at java.base/java.net.Socket.connect(Socket.java:633)
	at dm.jdbc.a.c.d(SourceFile:110)
	at dm.jdbc.a.c.b(SourceFile:68)
	at dm.jdbc.a.c.g(SourceFile:1)
	at dm.jdbc.a.a.init(SourceFile:209)
	... 39 common frames omitted
2025-04-14 16:10:06.049 [scheduled-task-4] ERROR com.scenic.ai.config.SchedulerConfig - Error in scheduled task
org.springframework.transaction.CannotCreateTransactionException: Could not open JDBC Connection for transaction
	at org.springframework.jdbc.datasource.DataSourceTransactionManager.doBegin(DataSourceTransactionManager.java:313)
	at org.springframework.transaction.support.AbstractPlatformTransactionManager.startTransaction(AbstractPlatformTransactionManager.java:400)
	at org.springframework.transaction.support.AbstractPlatformTransactionManager.getTransaction(AbstractPlatformTransactionManager.java:373)
	at org.springframework.transaction.interceptor.TransactionAspectSupport.createTransactionIfNecessary(TransactionAspectSupport.java:601)
	at org.springframework.transaction.interceptor.TransactionAspectSupport.invokeWithinTransaction(TransactionAspectSupport.java:385)
	at org.springframework.transaction.interceptor.TransactionInterceptor.invoke(TransactionInterceptor.java:119)
	at org.springframework.aop.framework.ReflectiveMethodInvocation.proceed(ReflectiveMethodInvocation.java:184)
	at org.springframework.aop.framework.CglibAopProxy$CglibMethodInvocation.proceed(CglibAopProxy.java:751)
	at org.springframework.aop.framework.CglibAopProxy$DynamicAdvisedInterceptor.intercept(CglibAopProxy.java:703)
	at com.scenic.ai.service.impl.CrowdCountServiceImpl$$SpringCGLIB$$0.findExceedThresholdCounts(<generated>)
	at com.scenic.ai.service.SchedulerService.checkFlowAlerts(SchedulerService.java:53)
	at com.scenic.ai.service.SchedulerService.checkAlerts(SchedulerService.java:39)
	at java.base/jdk.internal.reflect.NativeMethodAccessorImpl.invoke0(Native Method)
	at java.base/jdk.internal.reflect.NativeMethodAccessorImpl.invoke(NativeMethodAccessorImpl.java:77)
	at java.base/jdk.internal.reflect.DelegatingMethodAccessorImpl.invoke(DelegatingMethodAccessorImpl.java:43)
	at java.base/java.lang.reflect.Method.invoke(Method.java:568)
	at org.springframework.scheduling.support.ScheduledMethodRunnable.run(ScheduledMethodRunnable.java:84)
	at org.springframework.scheduling.support.DelegatingErrorHandlingRunnable.run(DelegatingErrorHandlingRunnable.java:54)
	at org.springframework.scheduling.concurrent.ReschedulingRunnable.run(ReschedulingRunnable.java:96)
	at java.base/java.util.concurrent.Executors$RunnableAdapter.call(Executors.java:539)
	at java.base/java.util.concurrent.FutureTask.run(FutureTask.java:264)
	at java.base/java.util.concurrent.ScheduledThreadPoolExecutor$ScheduledFutureTask.run(ScheduledThreadPoolExecutor.java:304)
	at java.base/java.util.concurrent.ThreadPoolExecutor.runWorker(ThreadPoolExecutor.java:1136)
	at java.base/java.util.concurrent.ThreadPoolExecutor$Worker.run(ThreadPoolExecutor.java:635)
	at java.base/java.lang.Thread.run(Thread.java:842)
Caused by: dm.jdbc.driver.DMException: 网络通信异常
	at dm.jdbc.driver.DBError.throwException(SourceFile:847)
	at dm.jdbc.a.a.init(SourceFile:215)
	at dm.jdbc.a.a.<init>(SourceFile:182)
	at dm.jdbc.driver.DmdbConnection.openConnection(SourceFile:761)
	at dm.jdbc.internal.conf.EP.connect(SourceFile:145)
	at dm.jdbc.internal.conf.EPGroup$EPSelector.select(SourceFile:497)
	at dm.jdbc.internal.conf.EPGroup.connect(SourceFile:340)
	at dm.jdbc.driver.DmDriver.do_connect(SourceFile:164)
	at dm.jdbc.driver.DmDriver.connect(SourceFile:450)
	at com.zaxxer.hikari.util.DriverDataSource.getConnection(DriverDataSource.java:138)
	at com.zaxxer.hikari.pool.PoolBase.newConnection(PoolBase.java:359)
	at com.zaxxer.hikari.pool.PoolBase.newPoolEntry(PoolBase.java:201)
	at com.zaxxer.hikari.pool.HikariPool.createPoolEntry(HikariPool.java:470)
	at com.zaxxer.hikari.pool.HikariPool.checkFailFast(HikariPool.java:561)
	at com.zaxxer.hikari.pool.HikariPool.<init>(HikariPool.java:100)
	at com.zaxxer.hikari.HikariDataSource.getConnection(HikariDataSource.java:112)
	at org.springframework.jdbc.datasource.DataSourceTransactionManager.doBegin(DataSourceTransactionManager.java:269)
	... 24 common frames omitted
Caused by: java.net.SocketTimeoutException: Connect timed out
	at java.base/sun.nio.ch.NioSocketImpl.timedFinishConnect(NioSocketImpl.java:551)
	at java.base/sun.nio.ch.NioSocketImpl.connect(NioSocketImpl.java:602)
	at java.base/java.net.SocksSocketImpl.connect(SocksSocketImpl.java:327)
	at java.base/java.net.Socket.connect(Socket.java:633)
	at dm.jdbc.a.c.d(SourceFile:110)
	at dm.jdbc.a.c.b(SourceFile:68)
	at dm.jdbc.a.c.g(SourceFile:1)
	at dm.jdbc.a.a.init(SourceFile:209)
	... 39 common frames omitted
2025-04-14 16:15:00.017 [scheduled-task-3] INFO  com.scenic.ai.service.SchedulerService - 开始检查告警条件
2025-04-14 16:15:00.017 [scheduled-task-3] INFO  com.zaxxer.hikari.HikariDataSource - HikariCP - Starting...
2025-04-14 16:15:06.039 [scheduled-task-3] ERROR com.zaxxer.hikari.pool.HikariPool - HikariCP - Exception during pool initialization.
dm.jdbc.driver.DMException: 网络通信异常
	at dm.jdbc.driver.DBError.throwException(SourceFile:847)
	at dm.jdbc.a.a.init(SourceFile:215)
	at dm.jdbc.a.a.<init>(SourceFile:182)
	at dm.jdbc.driver.DmdbConnection.openConnection(SourceFile:761)
	at dm.jdbc.internal.conf.EP.connect(SourceFile:145)
	at dm.jdbc.internal.conf.EPGroup$EPSelector.select(SourceFile:497)
	at dm.jdbc.internal.conf.EPGroup.connect(SourceFile:340)
	at dm.jdbc.driver.DmDriver.do_connect(SourceFile:164)
	at dm.jdbc.driver.DmDriver.connect(SourceFile:450)
	at com.zaxxer.hikari.util.DriverDataSource.getConnection(DriverDataSource.java:138)
	at com.zaxxer.hikari.pool.PoolBase.newConnection(PoolBase.java:359)
	at com.zaxxer.hikari.pool.PoolBase.newPoolEntry(PoolBase.java:201)
	at com.zaxxer.hikari.pool.HikariPool.createPoolEntry(HikariPool.java:470)
	at com.zaxxer.hikari.pool.HikariPool.checkFailFast(HikariPool.java:561)
	at com.zaxxer.hikari.pool.HikariPool.<init>(HikariPool.java:100)
	at com.zaxxer.hikari.HikariDataSource.getConnection(HikariDataSource.java:112)
	at org.springframework.jdbc.datasource.DataSourceTransactionManager.doBegin(DataSourceTransactionManager.java:269)
	at org.springframework.transaction.support.AbstractPlatformTransactionManager.startTransaction(AbstractPlatformTransactionManager.java:400)
	at org.springframework.transaction.support.AbstractPlatformTransactionManager.getTransaction(AbstractPlatformTransactionManager.java:373)
	at org.springframework.transaction.interceptor.TransactionAspectSupport.createTransactionIfNecessary(TransactionAspectSupport.java:601)
	at org.springframework.transaction.interceptor.TransactionAspectSupport.invokeWithinTransaction(TransactionAspectSupport.java:385)
	at org.springframework.transaction.interceptor.TransactionInterceptor.invoke(TransactionInterceptor.java:119)
	at org.springframework.aop.framework.ReflectiveMethodInvocation.proceed(ReflectiveMethodInvocation.java:184)
	at org.springframework.aop.framework.CglibAopProxy$CglibMethodInvocation.proceed(CglibAopProxy.java:751)
	at org.springframework.aop.framework.CglibAopProxy$DynamicAdvisedInterceptor.intercept(CglibAopProxy.java:703)
	at com.scenic.ai.service.impl.CrowdCountServiceImpl$$SpringCGLIB$$0.findExceedThresholdCounts(<generated>)
	at com.scenic.ai.service.SchedulerService.checkFlowAlerts(SchedulerService.java:53)
	at com.scenic.ai.service.SchedulerService.checkAlerts(SchedulerService.java:39)
	at java.base/jdk.internal.reflect.NativeMethodAccessorImpl.invoke0(Native Method)
	at java.base/jdk.internal.reflect.NativeMethodAccessorImpl.invoke(NativeMethodAccessorImpl.java:77)
	at java.base/jdk.internal.reflect.DelegatingMethodAccessorImpl.invoke(DelegatingMethodAccessorImpl.java:43)
	at java.base/java.lang.reflect.Method.invoke(Method.java:568)
	at org.springframework.scheduling.support.ScheduledMethodRunnable.run(ScheduledMethodRunnable.java:84)
	at org.springframework.scheduling.support.DelegatingErrorHandlingRunnable.run(DelegatingErrorHandlingRunnable.java:54)
	at org.springframework.scheduling.concurrent.ReschedulingRunnable.run(ReschedulingRunnable.java:96)
	at java.base/java.util.concurrent.Executors$RunnableAdapter.call(Executors.java:539)
	at java.base/java.util.concurrent.FutureTask.run(FutureTask.java:264)
	at java.base/java.util.concurrent.ScheduledThreadPoolExecutor$ScheduledFutureTask.run(ScheduledThreadPoolExecutor.java:304)
	at java.base/java.util.concurrent.ThreadPoolExecutor.runWorker(ThreadPoolExecutor.java:1136)
	at java.base/java.util.concurrent.ThreadPoolExecutor$Worker.run(ThreadPoolExecutor.java:635)
	at java.base/java.lang.Thread.run(Thread.java:842)
Caused by: java.net.SocketTimeoutException: Connect timed out
	at java.base/sun.nio.ch.NioSocketImpl.timedFinishConnect(NioSocketImpl.java:551)
	at java.base/sun.nio.ch.NioSocketImpl.connect(NioSocketImpl.java:602)
	at java.base/java.net.SocksSocketImpl.connect(SocksSocketImpl.java:327)
	at java.base/java.net.Socket.connect(Socket.java:633)
	at dm.jdbc.a.c.d(SourceFile:110)
	at dm.jdbc.a.c.b(SourceFile:68)
	at dm.jdbc.a.c.g(SourceFile:1)
	at dm.jdbc.a.a.init(SourceFile:209)
	... 39 common frames omitted
2025-04-14 16:15:06.048 [scheduled-task-3] ERROR com.scenic.ai.service.SchedulerService - 告警检查失败
org.springframework.transaction.CannotCreateTransactionException: Could not open JDBC Connection for transaction
	at org.springframework.jdbc.datasource.DataSourceTransactionManager.doBegin(DataSourceTransactionManager.java:313)
	at org.springframework.transaction.support.AbstractPlatformTransactionManager.startTransaction(AbstractPlatformTransactionManager.java:400)
	at org.springframework.transaction.support.AbstractPlatformTransactionManager.getTransaction(AbstractPlatformTransactionManager.java:373)
	at org.springframework.transaction.interceptor.TransactionAspectSupport.createTransactionIfNecessary(TransactionAspectSupport.java:601)
	at org.springframework.transaction.interceptor.TransactionAspectSupport.invokeWithinTransaction(TransactionAspectSupport.java:385)
	at org.springframework.transaction.interceptor.TransactionInterceptor.invoke(TransactionInterceptor.java:119)
	at org.springframework.aop.framework.ReflectiveMethodInvocation.proceed(ReflectiveMethodInvocation.java:184)
	at org.springframework.aop.framework.CglibAopProxy$CglibMethodInvocation.proceed(CglibAopProxy.java:751)
	at org.springframework.aop.framework.CglibAopProxy$DynamicAdvisedInterceptor.intercept(CglibAopProxy.java:703)
	at com.scenic.ai.service.impl.CrowdCountServiceImpl$$SpringCGLIB$$0.findExceedThresholdCounts(<generated>)
	at com.scenic.ai.service.SchedulerService.checkFlowAlerts(SchedulerService.java:53)
	at com.scenic.ai.service.SchedulerService.checkAlerts(SchedulerService.java:39)
	at java.base/jdk.internal.reflect.NativeMethodAccessorImpl.invoke0(Native Method)
	at java.base/jdk.internal.reflect.NativeMethodAccessorImpl.invoke(NativeMethodAccessorImpl.java:77)
	at java.base/jdk.internal.reflect.DelegatingMethodAccessorImpl.invoke(DelegatingMethodAccessorImpl.java:43)
	at java.base/java.lang.reflect.Method.invoke(Method.java:568)
	at org.springframework.scheduling.support.ScheduledMethodRunnable.run(ScheduledMethodRunnable.java:84)
	at org.springframework.scheduling.support.DelegatingErrorHandlingRunnable.run(DelegatingErrorHandlingRunnable.java:54)
	at org.springframework.scheduling.concurrent.ReschedulingRunnable.run(ReschedulingRunnable.java:96)
	at java.base/java.util.concurrent.Executors$RunnableAdapter.call(Executors.java:539)
	at java.base/java.util.concurrent.FutureTask.run(FutureTask.java:264)
	at java.base/java.util.concurrent.ScheduledThreadPoolExecutor$ScheduledFutureTask.run(ScheduledThreadPoolExecutor.java:304)
	at java.base/java.util.concurrent.ThreadPoolExecutor.runWorker(ThreadPoolExecutor.java:1136)
	at java.base/java.util.concurrent.ThreadPoolExecutor$Worker.run(ThreadPoolExecutor.java:635)
	at java.base/java.lang.Thread.run(Thread.java:842)
Caused by: dm.jdbc.driver.DMException: 网络通信异常
	at dm.jdbc.driver.DBError.throwException(SourceFile:847)
	at dm.jdbc.a.a.init(SourceFile:215)
	at dm.jdbc.a.a.<init>(SourceFile:182)
	at dm.jdbc.driver.DmdbConnection.openConnection(SourceFile:761)
	at dm.jdbc.internal.conf.EP.connect(SourceFile:145)
	at dm.jdbc.internal.conf.EPGroup$EPSelector.select(SourceFile:497)
	at dm.jdbc.internal.conf.EPGroup.connect(SourceFile:340)
	at dm.jdbc.driver.DmDriver.do_connect(SourceFile:164)
	at dm.jdbc.driver.DmDriver.connect(SourceFile:450)
	at com.zaxxer.hikari.util.DriverDataSource.getConnection(DriverDataSource.java:138)
	at com.zaxxer.hikari.pool.PoolBase.newConnection(PoolBase.java:359)
	at com.zaxxer.hikari.pool.PoolBase.newPoolEntry(PoolBase.java:201)
	at com.zaxxer.hikari.pool.HikariPool.createPoolEntry(HikariPool.java:470)
	at com.zaxxer.hikari.pool.HikariPool.checkFailFast(HikariPool.java:561)
	at com.zaxxer.hikari.pool.HikariPool.<init>(HikariPool.java:100)
	at com.zaxxer.hikari.HikariDataSource.getConnection(HikariDataSource.java:112)
	at org.springframework.jdbc.datasource.DataSourceTransactionManager.doBegin(DataSourceTransactionManager.java:269)
	... 24 common frames omitted
Caused by: java.net.SocketTimeoutException: Connect timed out
	at java.base/sun.nio.ch.NioSocketImpl.timedFinishConnect(NioSocketImpl.java:551)
	at java.base/sun.nio.ch.NioSocketImpl.connect(NioSocketImpl.java:602)
	at java.base/java.net.SocksSocketImpl.connect(SocksSocketImpl.java:327)
	at java.base/java.net.Socket.connect(Socket.java:633)
	at dm.jdbc.a.c.d(SourceFile:110)
	at dm.jdbc.a.c.b(SourceFile:68)
	at dm.jdbc.a.c.g(SourceFile:1)
	at dm.jdbc.a.a.init(SourceFile:209)
	... 39 common frames omitted
2025-04-14 16:15:06.057 [scheduled-task-3] ERROR com.scenic.ai.config.SchedulerConfig - Error in scheduled task
org.springframework.transaction.CannotCreateTransactionException: Could not open JDBC Connection for transaction
	at org.springframework.jdbc.datasource.DataSourceTransactionManager.doBegin(DataSourceTransactionManager.java:313)
	at org.springframework.transaction.support.AbstractPlatformTransactionManager.startTransaction(AbstractPlatformTransactionManager.java:400)
	at org.springframework.transaction.support.AbstractPlatformTransactionManager.getTransaction(AbstractPlatformTransactionManager.java:373)
	at org.springframework.transaction.interceptor.TransactionAspectSupport.createTransactionIfNecessary(TransactionAspectSupport.java:601)
	at org.springframework.transaction.interceptor.TransactionAspectSupport.invokeWithinTransaction(TransactionAspectSupport.java:385)
	at org.springframework.transaction.interceptor.TransactionInterceptor.invoke(TransactionInterceptor.java:119)
	at org.springframework.aop.framework.ReflectiveMethodInvocation.proceed(ReflectiveMethodInvocation.java:184)
	at org.springframework.aop.framework.CglibAopProxy$CglibMethodInvocation.proceed(CglibAopProxy.java:751)
	at org.springframework.aop.framework.CglibAopProxy$DynamicAdvisedInterceptor.intercept(CglibAopProxy.java:703)
	at com.scenic.ai.service.impl.CrowdCountServiceImpl$$SpringCGLIB$$0.findExceedThresholdCounts(<generated>)
	at com.scenic.ai.service.SchedulerService.checkFlowAlerts(SchedulerService.java:53)
	at com.scenic.ai.service.SchedulerService.checkAlerts(SchedulerService.java:39)
	at java.base/jdk.internal.reflect.NativeMethodAccessorImpl.invoke0(Native Method)
	at java.base/jdk.internal.reflect.NativeMethodAccessorImpl.invoke(NativeMethodAccessorImpl.java:77)
	at java.base/jdk.internal.reflect.DelegatingMethodAccessorImpl.invoke(DelegatingMethodAccessorImpl.java:43)
	at java.base/java.lang.reflect.Method.invoke(Method.java:568)
	at org.springframework.scheduling.support.ScheduledMethodRunnable.run(ScheduledMethodRunnable.java:84)
	at org.springframework.scheduling.support.DelegatingErrorHandlingRunnable.run(DelegatingErrorHandlingRunnable.java:54)
	at org.springframework.scheduling.concurrent.ReschedulingRunnable.run(ReschedulingRunnable.java:96)
	at java.base/java.util.concurrent.Executors$RunnableAdapter.call(Executors.java:539)
	at java.base/java.util.concurrent.FutureTask.run(FutureTask.java:264)
	at java.base/java.util.concurrent.ScheduledThreadPoolExecutor$ScheduledFutureTask.run(ScheduledThreadPoolExecutor.java:304)
	at java.base/java.util.concurrent.ThreadPoolExecutor.runWorker(ThreadPoolExecutor.java:1136)
	at java.base/java.util.concurrent.ThreadPoolExecutor$Worker.run(ThreadPoolExecutor.java:635)
	at java.base/java.lang.Thread.run(Thread.java:842)
Caused by: dm.jdbc.driver.DMException: 网络通信异常
	at dm.jdbc.driver.DBError.throwException(SourceFile:847)
	at dm.jdbc.a.a.init(SourceFile:215)
	at dm.jdbc.a.a.<init>(SourceFile:182)
	at dm.jdbc.driver.DmdbConnection.openConnection(SourceFile:761)
	at dm.jdbc.internal.conf.EP.connect(SourceFile:145)
	at dm.jdbc.internal.conf.EPGroup$EPSelector.select(SourceFile:497)
	at dm.jdbc.internal.conf.EPGroup.connect(SourceFile:340)
	at dm.jdbc.driver.DmDriver.do_connect(SourceFile:164)
	at dm.jdbc.driver.DmDriver.connect(SourceFile:450)
	at com.zaxxer.hikari.util.DriverDataSource.getConnection(DriverDataSource.java:138)
	at com.zaxxer.hikari.pool.PoolBase.newConnection(PoolBase.java:359)
	at com.zaxxer.hikari.pool.PoolBase.newPoolEntry(PoolBase.java:201)
	at com.zaxxer.hikari.pool.HikariPool.createPoolEntry(HikariPool.java:470)
	at com.zaxxer.hikari.pool.HikariPool.checkFailFast(HikariPool.java:561)
	at com.zaxxer.hikari.pool.HikariPool.<init>(HikariPool.java:100)
	at com.zaxxer.hikari.HikariDataSource.getConnection(HikariDataSource.java:112)
	at org.springframework.jdbc.datasource.DataSourceTransactionManager.doBegin(DataSourceTransactionManager.java:269)
	... 24 common frames omitted
Caused by: java.net.SocketTimeoutException: Connect timed out
	at java.base/sun.nio.ch.NioSocketImpl.timedFinishConnect(NioSocketImpl.java:551)
	at java.base/sun.nio.ch.NioSocketImpl.connect(NioSocketImpl.java:602)
	at java.base/java.net.SocksSocketImpl.connect(SocksSocketImpl.java:327)
	at java.base/java.net.Socket.connect(Socket.java:633)
	at dm.jdbc.a.c.d(SourceFile:110)
	at dm.jdbc.a.c.b(SourceFile:68)
	at dm.jdbc.a.c.g(SourceFile:1)
	at dm.jdbc.a.a.init(SourceFile:209)
	... 39 common frames omitted
2025-04-14 16:20:00.011 [scheduled-task-3] INFO  com.scenic.ai.service.SchedulerService - 开始检查告警条件
2025-04-14 16:20:00.011 [scheduled-task-3] INFO  com.zaxxer.hikari.HikariDataSource - HikariCP - Starting...
2025-04-14 16:20:06.028 [scheduled-task-3] ERROR com.zaxxer.hikari.pool.HikariPool - HikariCP - Exception during pool initialization.
dm.jdbc.driver.DMException: 网络通信异常
	at dm.jdbc.driver.DBError.throwException(SourceFile:847)
	at dm.jdbc.a.a.init(SourceFile:215)
	at dm.jdbc.a.a.<init>(SourceFile:182)
	at dm.jdbc.driver.DmdbConnection.openConnection(SourceFile:761)
	at dm.jdbc.internal.conf.EP.connect(SourceFile:145)
	at dm.jdbc.internal.conf.EPGroup$EPSelector.select(SourceFile:497)
	at dm.jdbc.internal.conf.EPGroup.connect(SourceFile:340)
	at dm.jdbc.driver.DmDriver.do_connect(SourceFile:164)
	at dm.jdbc.driver.DmDriver.connect(SourceFile:450)
	at com.zaxxer.hikari.util.DriverDataSource.getConnection(DriverDataSource.java:138)
	at com.zaxxer.hikari.pool.PoolBase.newConnection(PoolBase.java:359)
	at com.zaxxer.hikari.pool.PoolBase.newPoolEntry(PoolBase.java:201)
	at com.zaxxer.hikari.pool.HikariPool.createPoolEntry(HikariPool.java:470)
	at com.zaxxer.hikari.pool.HikariPool.checkFailFast(HikariPool.java:561)
	at com.zaxxer.hikari.pool.HikariPool.<init>(HikariPool.java:100)
	at com.zaxxer.hikari.HikariDataSource.getConnection(HikariDataSource.java:112)
	at org.springframework.jdbc.datasource.DataSourceTransactionManager.doBegin(DataSourceTransactionManager.java:269)
	at org.springframework.transaction.support.AbstractPlatformTransactionManager.startTransaction(AbstractPlatformTransactionManager.java:400)
	at org.springframework.transaction.support.AbstractPlatformTransactionManager.getTransaction(AbstractPlatformTransactionManager.java:373)
	at org.springframework.transaction.interceptor.TransactionAspectSupport.createTransactionIfNecessary(TransactionAspectSupport.java:601)
	at org.springframework.transaction.interceptor.TransactionAspectSupport.invokeWithinTransaction(TransactionAspectSupport.java:385)
	at org.springframework.transaction.interceptor.TransactionInterceptor.invoke(TransactionInterceptor.java:119)
	at org.springframework.aop.framework.ReflectiveMethodInvocation.proceed(ReflectiveMethodInvocation.java:184)
	at org.springframework.aop.framework.CglibAopProxy$CglibMethodInvocation.proceed(CglibAopProxy.java:751)
	at org.springframework.aop.framework.CglibAopProxy$DynamicAdvisedInterceptor.intercept(CglibAopProxy.java:703)
	at com.scenic.ai.service.impl.CrowdCountServiceImpl$$SpringCGLIB$$0.findExceedThresholdCounts(<generated>)
	at com.scenic.ai.service.SchedulerService.checkFlowAlerts(SchedulerService.java:53)
	at com.scenic.ai.service.SchedulerService.checkAlerts(SchedulerService.java:39)
	at java.base/jdk.internal.reflect.NativeMethodAccessorImpl.invoke0(Native Method)
	at java.base/jdk.internal.reflect.NativeMethodAccessorImpl.invoke(NativeMethodAccessorImpl.java:77)
	at java.base/jdk.internal.reflect.DelegatingMethodAccessorImpl.invoke(DelegatingMethodAccessorImpl.java:43)
	at java.base/java.lang.reflect.Method.invoke(Method.java:568)
	at org.springframework.scheduling.support.ScheduledMethodRunnable.run(ScheduledMethodRunnable.java:84)
	at org.springframework.scheduling.support.DelegatingErrorHandlingRunnable.run(DelegatingErrorHandlingRunnable.java:54)
	at org.springframework.scheduling.concurrent.ReschedulingRunnable.run(ReschedulingRunnable.java:96)
	at java.base/java.util.concurrent.Executors$RunnableAdapter.call(Executors.java:539)
	at java.base/java.util.concurrent.FutureTask.run(FutureTask.java:264)
	at java.base/java.util.concurrent.ScheduledThreadPoolExecutor$ScheduledFutureTask.run(ScheduledThreadPoolExecutor.java:304)
	at java.base/java.util.concurrent.ThreadPoolExecutor.runWorker(ThreadPoolExecutor.java:1136)
	at java.base/java.util.concurrent.ThreadPoolExecutor$Worker.run(ThreadPoolExecutor.java:635)
	at java.base/java.lang.Thread.run(Thread.java:842)
Caused by: java.net.SocketTimeoutException: Connect timed out
	at java.base/sun.nio.ch.NioSocketImpl.timedFinishConnect(NioSocketImpl.java:551)
	at java.base/sun.nio.ch.NioSocketImpl.connect(NioSocketImpl.java:602)
	at java.base/java.net.SocksSocketImpl.connect(SocksSocketImpl.java:327)
	at java.base/java.net.Socket.connect(Socket.java:633)
	at dm.jdbc.a.c.d(SourceFile:110)
	at dm.jdbc.a.c.b(SourceFile:68)
	at dm.jdbc.a.c.g(SourceFile:1)
	at dm.jdbc.a.a.init(SourceFile:209)
	... 39 common frames omitted
2025-04-14 16:20:06.068 [scheduled-task-3] ERROR com.scenic.ai.service.SchedulerService - 告警检查失败
org.springframework.transaction.CannotCreateTransactionException: Could not open JDBC Connection for transaction
	at org.springframework.jdbc.datasource.DataSourceTransactionManager.doBegin(DataSourceTransactionManager.java:313)
	at org.springframework.transaction.support.AbstractPlatformTransactionManager.startTransaction(AbstractPlatformTransactionManager.java:400)
	at org.springframework.transaction.support.AbstractPlatformTransactionManager.getTransaction(AbstractPlatformTransactionManager.java:373)
	at org.springframework.transaction.interceptor.TransactionAspectSupport.createTransactionIfNecessary(TransactionAspectSupport.java:601)
	at org.springframework.transaction.interceptor.TransactionAspectSupport.invokeWithinTransaction(TransactionAspectSupport.java:385)
	at org.springframework.transaction.interceptor.TransactionInterceptor.invoke(TransactionInterceptor.java:119)
	at org.springframework.aop.framework.ReflectiveMethodInvocation.proceed(ReflectiveMethodInvocation.java:184)
	at org.springframework.aop.framework.CglibAopProxy$CglibMethodInvocation.proceed(CglibAopProxy.java:751)
	at org.springframework.aop.framework.CglibAopProxy$DynamicAdvisedInterceptor.intercept(CglibAopProxy.java:703)
	at com.scenic.ai.service.impl.CrowdCountServiceImpl$$SpringCGLIB$$0.findExceedThresholdCounts(<generated>)
	at com.scenic.ai.service.SchedulerService.checkFlowAlerts(SchedulerService.java:53)
	at com.scenic.ai.service.SchedulerService.checkAlerts(SchedulerService.java:39)
	at java.base/jdk.internal.reflect.NativeMethodAccessorImpl.invoke0(Native Method)
	at java.base/jdk.internal.reflect.NativeMethodAccessorImpl.invoke(NativeMethodAccessorImpl.java:77)
	at java.base/jdk.internal.reflect.DelegatingMethodAccessorImpl.invoke(DelegatingMethodAccessorImpl.java:43)
	at java.base/java.lang.reflect.Method.invoke(Method.java:568)
	at org.springframework.scheduling.support.ScheduledMethodRunnable.run(ScheduledMethodRunnable.java:84)
	at org.springframework.scheduling.support.DelegatingErrorHandlingRunnable.run(DelegatingErrorHandlingRunnable.java:54)
	at org.springframework.scheduling.concurrent.ReschedulingRunnable.run(ReschedulingRunnable.java:96)
	at java.base/java.util.concurrent.Executors$RunnableAdapter.call(Executors.java:539)
	at java.base/java.util.concurrent.FutureTask.run(FutureTask.java:264)
	at java.base/java.util.concurrent.ScheduledThreadPoolExecutor$ScheduledFutureTask.run(ScheduledThreadPoolExecutor.java:304)
	at java.base/java.util.concurrent.ThreadPoolExecutor.runWorker(ThreadPoolExecutor.java:1136)
	at java.base/java.util.concurrent.ThreadPoolExecutor$Worker.run(ThreadPoolExecutor.java:635)
	at java.base/java.lang.Thread.run(Thread.java:842)
Caused by: dm.jdbc.driver.DMException: 网络通信异常
	at dm.jdbc.driver.DBError.throwException(SourceFile:847)
	at dm.jdbc.a.a.init(SourceFile:215)
	at dm.jdbc.a.a.<init>(SourceFile:182)
	at dm.jdbc.driver.DmdbConnection.openConnection(SourceFile:761)
	at dm.jdbc.internal.conf.EP.connect(SourceFile:145)
	at dm.jdbc.internal.conf.EPGroup$EPSelector.select(SourceFile:497)
	at dm.jdbc.internal.conf.EPGroup.connect(SourceFile:340)
	at dm.jdbc.driver.DmDriver.do_connect(SourceFile:164)
	at dm.jdbc.driver.DmDriver.connect(SourceFile:450)
	at com.zaxxer.hikari.util.DriverDataSource.getConnection(DriverDataSource.java:138)
	at com.zaxxer.hikari.pool.PoolBase.newConnection(PoolBase.java:359)
	at com.zaxxer.hikari.pool.PoolBase.newPoolEntry(PoolBase.java:201)
	at com.zaxxer.hikari.pool.HikariPool.createPoolEntry(HikariPool.java:470)
	at com.zaxxer.hikari.pool.HikariPool.checkFailFast(HikariPool.java:561)
	at com.zaxxer.hikari.pool.HikariPool.<init>(HikariPool.java:100)
	at com.zaxxer.hikari.HikariDataSource.getConnection(HikariDataSource.java:112)
	at org.springframework.jdbc.datasource.DataSourceTransactionManager.doBegin(DataSourceTransactionManager.java:269)
	... 24 common frames omitted
Caused by: java.net.SocketTimeoutException: Connect timed out
	at java.base/sun.nio.ch.NioSocketImpl.timedFinishConnect(NioSocketImpl.java:551)
	at java.base/sun.nio.ch.NioSocketImpl.connect(NioSocketImpl.java:602)
	at java.base/java.net.SocksSocketImpl.connect(SocksSocketImpl.java:327)
	at java.base/java.net.Socket.connect(Socket.java:633)
	at dm.jdbc.a.c.d(SourceFile:110)
	at dm.jdbc.a.c.b(SourceFile:68)
	at dm.jdbc.a.c.g(SourceFile:1)
	at dm.jdbc.a.a.init(SourceFile:209)
	... 39 common frames omitted
2025-04-14 16:20:06.086 [scheduled-task-3] ERROR com.scenic.ai.config.SchedulerConfig - Error in scheduled task
org.springframework.transaction.CannotCreateTransactionException: Could not open JDBC Connection for transaction
	at org.springframework.jdbc.datasource.DataSourceTransactionManager.doBegin(DataSourceTransactionManager.java:313)
	at org.springframework.transaction.support.AbstractPlatformTransactionManager.startTransaction(AbstractPlatformTransactionManager.java:400)
	at org.springframework.transaction.support.AbstractPlatformTransactionManager.getTransaction(AbstractPlatformTransactionManager.java:373)
	at org.springframework.transaction.interceptor.TransactionAspectSupport.createTransactionIfNecessary(TransactionAspectSupport.java:601)
	at org.springframework.transaction.interceptor.TransactionAspectSupport.invokeWithinTransaction(TransactionAspectSupport.java:385)
	at org.springframework.transaction.interceptor.TransactionInterceptor.invoke(TransactionInterceptor.java:119)
	at org.springframework.aop.framework.ReflectiveMethodInvocation.proceed(ReflectiveMethodInvocation.java:184)
	at org.springframework.aop.framework.CglibAopProxy$CglibMethodInvocation.proceed(CglibAopProxy.java:751)
	at org.springframework.aop.framework.CglibAopProxy$DynamicAdvisedInterceptor.intercept(CglibAopProxy.java:703)
	at com.scenic.ai.service.impl.CrowdCountServiceImpl$$SpringCGLIB$$0.findExceedThresholdCounts(<generated>)
	at com.scenic.ai.service.SchedulerService.checkFlowAlerts(SchedulerService.java:53)
	at com.scenic.ai.service.SchedulerService.checkAlerts(SchedulerService.java:39)
	at java.base/jdk.internal.reflect.NativeMethodAccessorImpl.invoke0(Native Method)
	at java.base/jdk.internal.reflect.NativeMethodAccessorImpl.invoke(NativeMethodAccessorImpl.java:77)
	at java.base/jdk.internal.reflect.DelegatingMethodAccessorImpl.invoke(DelegatingMethodAccessorImpl.java:43)
	at java.base/java.lang.reflect.Method.invoke(Method.java:568)
	at org.springframework.scheduling.support.ScheduledMethodRunnable.run(ScheduledMethodRunnable.java:84)
	at org.springframework.scheduling.support.DelegatingErrorHandlingRunnable.run(DelegatingErrorHandlingRunnable.java:54)
	at org.springframework.scheduling.concurrent.ReschedulingRunnable.run(ReschedulingRunnable.java:96)
	at java.base/java.util.concurrent.Executors$RunnableAdapter.call(Executors.java:539)
	at java.base/java.util.concurrent.FutureTask.run(FutureTask.java:264)
	at java.base/java.util.concurrent.ScheduledThreadPoolExecutor$ScheduledFutureTask.run(ScheduledThreadPoolExecutor.java:304)
	at java.base/java.util.concurrent.ThreadPoolExecutor.runWorker(ThreadPoolExecutor.java:1136)
	at java.base/java.util.concurrent.ThreadPoolExecutor$Worker.run(ThreadPoolExecutor.java:635)
	at java.base/java.lang.Thread.run(Thread.java:842)
Caused by: dm.jdbc.driver.DMException: 网络通信异常
	at dm.jdbc.driver.DBError.throwException(SourceFile:847)
	at dm.jdbc.a.a.init(SourceFile:215)
	at dm.jdbc.a.a.<init>(SourceFile:182)
	at dm.jdbc.driver.DmdbConnection.openConnection(SourceFile:761)
	at dm.jdbc.internal.conf.EP.connect(SourceFile:145)
	at dm.jdbc.internal.conf.EPGroup$EPSelector.select(SourceFile:497)
	at dm.jdbc.internal.conf.EPGroup.connect(SourceFile:340)
	at dm.jdbc.driver.DmDriver.do_connect(SourceFile:164)
	at dm.jdbc.driver.DmDriver.connect(SourceFile:450)
	at com.zaxxer.hikari.util.DriverDataSource.getConnection(DriverDataSource.java:138)
	at com.zaxxer.hikari.pool.PoolBase.newConnection(PoolBase.java:359)
	at com.zaxxer.hikari.pool.PoolBase.newPoolEntry(PoolBase.java:201)
	at com.zaxxer.hikari.pool.HikariPool.createPoolEntry(HikariPool.java:470)
	at com.zaxxer.hikari.pool.HikariPool.checkFailFast(HikariPool.java:561)
	at com.zaxxer.hikari.pool.HikariPool.<init>(HikariPool.java:100)
	at com.zaxxer.hikari.HikariDataSource.getConnection(HikariDataSource.java:112)
	at org.springframework.jdbc.datasource.DataSourceTransactionManager.doBegin(DataSourceTransactionManager.java:269)
	... 24 common frames omitted
Caused by: java.net.SocketTimeoutException: Connect timed out
	at java.base/sun.nio.ch.NioSocketImpl.timedFinishConnect(NioSocketImpl.java:551)
	at java.base/sun.nio.ch.NioSocketImpl.connect(NioSocketImpl.java:602)
	at java.base/java.net.SocksSocketImpl.connect(SocksSocketImpl.java:327)
	at java.base/java.net.Socket.connect(Socket.java:633)
	at dm.jdbc.a.c.d(SourceFile:110)
	at dm.jdbc.a.c.b(SourceFile:68)
	at dm.jdbc.a.c.g(SourceFile:1)
	at dm.jdbc.a.a.init(SourceFile:209)
	... 39 common frames omitted
2025-04-14 16:25:00.002 [scheduled-task-3] INFO  com.scenic.ai.service.SchedulerService - 开始检查告警条件
2025-04-14 16:25:00.002 [scheduled-task-3] INFO  com.zaxxer.hikari.HikariDataSource - HikariCP - Starting...
2025-04-14 16:25:06.017 [scheduled-task-3] ERROR com.zaxxer.hikari.pool.HikariPool - HikariCP - Exception during pool initialization.
dm.jdbc.driver.DMException: 网络通信异常
	at dm.jdbc.driver.DBError.throwException(SourceFile:847)
	at dm.jdbc.a.a.init(SourceFile:215)
	at dm.jdbc.a.a.<init>(SourceFile:182)
	at dm.jdbc.driver.DmdbConnection.openConnection(SourceFile:761)
	at dm.jdbc.internal.conf.EP.connect(SourceFile:145)
	at dm.jdbc.internal.conf.EPGroup$EPSelector.select(SourceFile:497)
	at dm.jdbc.internal.conf.EPGroup.connect(SourceFile:340)
	at dm.jdbc.driver.DmDriver.do_connect(SourceFile:164)
	at dm.jdbc.driver.DmDriver.connect(SourceFile:450)
	at com.zaxxer.hikari.util.DriverDataSource.getConnection(DriverDataSource.java:138)
	at com.zaxxer.hikari.pool.PoolBase.newConnection(PoolBase.java:359)
	at com.zaxxer.hikari.pool.PoolBase.newPoolEntry(PoolBase.java:201)
	at com.zaxxer.hikari.pool.HikariPool.createPoolEntry(HikariPool.java:470)
	at com.zaxxer.hikari.pool.HikariPool.checkFailFast(HikariPool.java:561)
	at com.zaxxer.hikari.pool.HikariPool.<init>(HikariPool.java:100)
	at com.zaxxer.hikari.HikariDataSource.getConnection(HikariDataSource.java:112)
	at org.springframework.jdbc.datasource.DataSourceTransactionManager.doBegin(DataSourceTransactionManager.java:269)
	at org.springframework.transaction.support.AbstractPlatformTransactionManager.startTransaction(AbstractPlatformTransactionManager.java:400)
	at org.springframework.transaction.support.AbstractPlatformTransactionManager.getTransaction(AbstractPlatformTransactionManager.java:373)
	at org.springframework.transaction.interceptor.TransactionAspectSupport.createTransactionIfNecessary(TransactionAspectSupport.java:601)
	at org.springframework.transaction.interceptor.TransactionAspectSupport.invokeWithinTransaction(TransactionAspectSupport.java:385)
	at org.springframework.transaction.interceptor.TransactionInterceptor.invoke(TransactionInterceptor.java:119)
	at org.springframework.aop.framework.ReflectiveMethodInvocation.proceed(ReflectiveMethodInvocation.java:184)
	at org.springframework.aop.framework.CglibAopProxy$CglibMethodInvocation.proceed(CglibAopProxy.java:751)
	at org.springframework.aop.framework.CglibAopProxy$DynamicAdvisedInterceptor.intercept(CglibAopProxy.java:703)
	at com.scenic.ai.service.impl.CrowdCountServiceImpl$$SpringCGLIB$$0.findExceedThresholdCounts(<generated>)
	at com.scenic.ai.service.SchedulerService.checkFlowAlerts(SchedulerService.java:53)
	at com.scenic.ai.service.SchedulerService.checkAlerts(SchedulerService.java:39)
	at java.base/jdk.internal.reflect.NativeMethodAccessorImpl.invoke0(Native Method)
	at java.base/jdk.internal.reflect.NativeMethodAccessorImpl.invoke(NativeMethodAccessorImpl.java:77)
	at java.base/jdk.internal.reflect.DelegatingMethodAccessorImpl.invoke(DelegatingMethodAccessorImpl.java:43)
	at java.base/java.lang.reflect.Method.invoke(Method.java:568)
	at org.springframework.scheduling.support.ScheduledMethodRunnable.run(ScheduledMethodRunnable.java:84)
	at org.springframework.scheduling.support.DelegatingErrorHandlingRunnable.run(DelegatingErrorHandlingRunnable.java:54)
	at org.springframework.scheduling.concurrent.ReschedulingRunnable.run(ReschedulingRunnable.java:96)
	at java.base/java.util.concurrent.Executors$RunnableAdapter.call(Executors.java:539)
	at java.base/java.util.concurrent.FutureTask.run(FutureTask.java:264)
	at java.base/java.util.concurrent.ScheduledThreadPoolExecutor$ScheduledFutureTask.run(ScheduledThreadPoolExecutor.java:304)
	at java.base/java.util.concurrent.ThreadPoolExecutor.runWorker(ThreadPoolExecutor.java:1136)
	at java.base/java.util.concurrent.ThreadPoolExecutor$Worker.run(ThreadPoolExecutor.java:635)
	at java.base/java.lang.Thread.run(Thread.java:842)
Caused by: java.net.SocketTimeoutException: Connect timed out
	at java.base/sun.nio.ch.NioSocketImpl.timedFinishConnect(NioSocketImpl.java:551)
	at java.base/sun.nio.ch.NioSocketImpl.connect(NioSocketImpl.java:602)
	at java.base/java.net.SocksSocketImpl.connect(SocksSocketImpl.java:327)
	at java.base/java.net.Socket.connect(Socket.java:633)
	at dm.jdbc.a.c.d(SourceFile:110)
	at dm.jdbc.a.c.b(SourceFile:68)
	at dm.jdbc.a.c.g(SourceFile:1)
	at dm.jdbc.a.a.init(SourceFile:209)
	... 39 common frames omitted
2025-04-14 16:25:06.025 [scheduled-task-3] ERROR com.scenic.ai.service.SchedulerService - 告警检查失败
org.springframework.transaction.CannotCreateTransactionException: Could not open JDBC Connection for transaction
	at org.springframework.jdbc.datasource.DataSourceTransactionManager.doBegin(DataSourceTransactionManager.java:313)
	at org.springframework.transaction.support.AbstractPlatformTransactionManager.startTransaction(AbstractPlatformTransactionManager.java:400)
	at org.springframework.transaction.support.AbstractPlatformTransactionManager.getTransaction(AbstractPlatformTransactionManager.java:373)
	at org.springframework.transaction.interceptor.TransactionAspectSupport.createTransactionIfNecessary(TransactionAspectSupport.java:601)
	at org.springframework.transaction.interceptor.TransactionAspectSupport.invokeWithinTransaction(TransactionAspectSupport.java:385)
	at org.springframework.transaction.interceptor.TransactionInterceptor.invoke(TransactionInterceptor.java:119)
	at org.springframework.aop.framework.ReflectiveMethodInvocation.proceed(ReflectiveMethodInvocation.java:184)
	at org.springframework.aop.framework.CglibAopProxy$CglibMethodInvocation.proceed(CglibAopProxy.java:751)
	at org.springframework.aop.framework.CglibAopProxy$DynamicAdvisedInterceptor.intercept(CglibAopProxy.java:703)
	at com.scenic.ai.service.impl.CrowdCountServiceImpl$$SpringCGLIB$$0.findExceedThresholdCounts(<generated>)
	at com.scenic.ai.service.SchedulerService.checkFlowAlerts(SchedulerService.java:53)
	at com.scenic.ai.service.SchedulerService.checkAlerts(SchedulerService.java:39)
	at java.base/jdk.internal.reflect.NativeMethodAccessorImpl.invoke0(Native Method)
	at java.base/jdk.internal.reflect.NativeMethodAccessorImpl.invoke(NativeMethodAccessorImpl.java:77)
	at java.base/jdk.internal.reflect.DelegatingMethodAccessorImpl.invoke(DelegatingMethodAccessorImpl.java:43)
	at java.base/java.lang.reflect.Method.invoke(Method.java:568)
	at org.springframework.scheduling.support.ScheduledMethodRunnable.run(ScheduledMethodRunnable.java:84)
	at org.springframework.scheduling.support.DelegatingErrorHandlingRunnable.run(DelegatingErrorHandlingRunnable.java:54)
	at org.springframework.scheduling.concurrent.ReschedulingRunnable.run(ReschedulingRunnable.java:96)
	at java.base/java.util.concurrent.Executors$RunnableAdapter.call(Executors.java:539)
	at java.base/java.util.concurrent.FutureTask.run(FutureTask.java:264)
	at java.base/java.util.concurrent.ScheduledThreadPoolExecutor$ScheduledFutureTask.run(ScheduledThreadPoolExecutor.java:304)
	at java.base/java.util.concurrent.ThreadPoolExecutor.runWorker(ThreadPoolExecutor.java:1136)
	at java.base/java.util.concurrent.ThreadPoolExecutor$Worker.run(ThreadPoolExecutor.java:635)
	at java.base/java.lang.Thread.run(Thread.java:842)
Caused by: dm.jdbc.driver.DMException: 网络通信异常
	at dm.jdbc.driver.DBError.throwException(SourceFile:847)
	at dm.jdbc.a.a.init(SourceFile:215)
	at dm.jdbc.a.a.<init>(SourceFile:182)
	at dm.jdbc.driver.DmdbConnection.openConnection(SourceFile:761)
	at dm.jdbc.internal.conf.EP.connect(SourceFile:145)
	at dm.jdbc.internal.conf.EPGroup$EPSelector.select(SourceFile:497)
	at dm.jdbc.internal.conf.EPGroup.connect(SourceFile:340)
	at dm.jdbc.driver.DmDriver.do_connect(SourceFile:164)
	at dm.jdbc.driver.DmDriver.connect(SourceFile:450)
	at com.zaxxer.hikari.util.DriverDataSource.getConnection(DriverDataSource.java:138)
	at com.zaxxer.hikari.pool.PoolBase.newConnection(PoolBase.java:359)
	at com.zaxxer.hikari.pool.PoolBase.newPoolEntry(PoolBase.java:201)
	at com.zaxxer.hikari.pool.HikariPool.createPoolEntry(HikariPool.java:470)
	at com.zaxxer.hikari.pool.HikariPool.checkFailFast(HikariPool.java:561)
	at com.zaxxer.hikari.pool.HikariPool.<init>(HikariPool.java:100)
	at com.zaxxer.hikari.HikariDataSource.getConnection(HikariDataSource.java:112)
	at org.springframework.jdbc.datasource.DataSourceTransactionManager.doBegin(DataSourceTransactionManager.java:269)
	... 24 common frames omitted
Caused by: java.net.SocketTimeoutException: Connect timed out
	at java.base/sun.nio.ch.NioSocketImpl.timedFinishConnect(NioSocketImpl.java:551)
	at java.base/sun.nio.ch.NioSocketImpl.connect(NioSocketImpl.java:602)
	at java.base/java.net.SocksSocketImpl.connect(SocksSocketImpl.java:327)
	at java.base/java.net.Socket.connect(Socket.java:633)
	at dm.jdbc.a.c.d(SourceFile:110)
	at dm.jdbc.a.c.b(SourceFile:68)
	at dm.jdbc.a.c.g(SourceFile:1)
	at dm.jdbc.a.a.init(SourceFile:209)
	... 39 common frames omitted
2025-04-14 16:25:06.030 [scheduled-task-3] ERROR com.scenic.ai.config.SchedulerConfig - Error in scheduled task
org.springframework.transaction.CannotCreateTransactionException: Could not open JDBC Connection for transaction
	at org.springframework.jdbc.datasource.DataSourceTransactionManager.doBegin(DataSourceTransactionManager.java:313)
	at org.springframework.transaction.support.AbstractPlatformTransactionManager.startTransaction(AbstractPlatformTransactionManager.java:400)
	at org.springframework.transaction.support.AbstractPlatformTransactionManager.getTransaction(AbstractPlatformTransactionManager.java:373)
	at org.springframework.transaction.interceptor.TransactionAspectSupport.createTransactionIfNecessary(TransactionAspectSupport.java:601)
	at org.springframework.transaction.interceptor.TransactionAspectSupport.invokeWithinTransaction(TransactionAspectSupport.java:385)
	at org.springframework.transaction.interceptor.TransactionInterceptor.invoke(TransactionInterceptor.java:119)
	at org.springframework.aop.framework.ReflectiveMethodInvocation.proceed(ReflectiveMethodInvocation.java:184)
	at org.springframework.aop.framework.CglibAopProxy$CglibMethodInvocation.proceed(CglibAopProxy.java:751)
	at org.springframework.aop.framework.CglibAopProxy$DynamicAdvisedInterceptor.intercept(CglibAopProxy.java:703)
	at com.scenic.ai.service.impl.CrowdCountServiceImpl$$SpringCGLIB$$0.findExceedThresholdCounts(<generated>)
	at com.scenic.ai.service.SchedulerService.checkFlowAlerts(SchedulerService.java:53)
	at com.scenic.ai.service.SchedulerService.checkAlerts(SchedulerService.java:39)
	at java.base/jdk.internal.reflect.NativeMethodAccessorImpl.invoke0(Native Method)
	at java.base/jdk.internal.reflect.NativeMethodAccessorImpl.invoke(NativeMethodAccessorImpl.java:77)
	at java.base/jdk.internal.reflect.DelegatingMethodAccessorImpl.invoke(DelegatingMethodAccessorImpl.java:43)
	at java.base/java.lang.reflect.Method.invoke(Method.java:568)
	at org.springframework.scheduling.support.ScheduledMethodRunnable.run(ScheduledMethodRunnable.java:84)
	at org.springframework.scheduling.support.DelegatingErrorHandlingRunnable.run(DelegatingErrorHandlingRunnable.java:54)
	at org.springframework.scheduling.concurrent.ReschedulingRunnable.run(ReschedulingRunnable.java:96)
	at java.base/java.util.concurrent.Executors$RunnableAdapter.call(Executors.java:539)
	at java.base/java.util.concurrent.FutureTask.run(FutureTask.java:264)
	at java.base/java.util.concurrent.ScheduledThreadPoolExecutor$ScheduledFutureTask.run(ScheduledThreadPoolExecutor.java:304)
	at java.base/java.util.concurrent.ThreadPoolExecutor.runWorker(ThreadPoolExecutor.java:1136)
	at java.base/java.util.concurrent.ThreadPoolExecutor$Worker.run(ThreadPoolExecutor.java:635)
	at java.base/java.lang.Thread.run(Thread.java:842)
Caused by: dm.jdbc.driver.DMException: 网络通信异常
	at dm.jdbc.driver.DBError.throwException(SourceFile:847)
	at dm.jdbc.a.a.init(SourceFile:215)
	at dm.jdbc.a.a.<init>(SourceFile:182)
	at dm.jdbc.driver.DmdbConnection.openConnection(SourceFile:761)
	at dm.jdbc.internal.conf.EP.connect(SourceFile:145)
	at dm.jdbc.internal.conf.EPGroup$EPSelector.select(SourceFile:497)
	at dm.jdbc.internal.conf.EPGroup.connect(SourceFile:340)
	at dm.jdbc.driver.DmDriver.do_connect(SourceFile:164)
	at dm.jdbc.driver.DmDriver.connect(SourceFile:450)
	at com.zaxxer.hikari.util.DriverDataSource.getConnection(DriverDataSource.java:138)
	at com.zaxxer.hikari.pool.PoolBase.newConnection(PoolBase.java:359)
	at com.zaxxer.hikari.pool.PoolBase.newPoolEntry(PoolBase.java:201)
	at com.zaxxer.hikari.pool.HikariPool.createPoolEntry(HikariPool.java:470)
	at com.zaxxer.hikari.pool.HikariPool.checkFailFast(HikariPool.java:561)
	at com.zaxxer.hikari.pool.HikariPool.<init>(HikariPool.java:100)
	at com.zaxxer.hikari.HikariDataSource.getConnection(HikariDataSource.java:112)
	at org.springframework.jdbc.datasource.DataSourceTransactionManager.doBegin(DataSourceTransactionManager.java:269)
	... 24 common frames omitted
Caused by: java.net.SocketTimeoutException: Connect timed out
	at java.base/sun.nio.ch.NioSocketImpl.timedFinishConnect(NioSocketImpl.java:551)
	at java.base/sun.nio.ch.NioSocketImpl.connect(NioSocketImpl.java:602)
	at java.base/java.net.SocksSocketImpl.connect(SocksSocketImpl.java:327)
	at java.base/java.net.Socket.connect(Socket.java:633)
	at dm.jdbc.a.c.d(SourceFile:110)
	at dm.jdbc.a.c.b(SourceFile:68)
	at dm.jdbc.a.c.g(SourceFile:1)
	at dm.jdbc.a.a.init(SourceFile:209)
	... 39 common frames omitted
2025-04-14 16:30:00.015 [scheduled-task-3] INFO  com.scenic.ai.service.SchedulerService - 开始检查告警条件
2025-04-14 16:30:00.015 [scheduled-task-3] INFO  com.zaxxer.hikari.HikariDataSource - HikariCP - Starting...
2025-04-14 16:30:06.029 [scheduled-task-3] ERROR com.zaxxer.hikari.pool.HikariPool - HikariCP - Exception during pool initialization.
dm.jdbc.driver.DMException: 网络通信异常
	at dm.jdbc.driver.DBError.throwException(SourceFile:847)
	at dm.jdbc.a.a.init(SourceFile:215)
	at dm.jdbc.a.a.<init>(SourceFile:182)
	at dm.jdbc.driver.DmdbConnection.openConnection(SourceFile:761)
	at dm.jdbc.internal.conf.EP.connect(SourceFile:145)
	at dm.jdbc.internal.conf.EPGroup$EPSelector.select(SourceFile:497)
	at dm.jdbc.internal.conf.EPGroup.connect(SourceFile:340)
	at dm.jdbc.driver.DmDriver.do_connect(SourceFile:164)
	at dm.jdbc.driver.DmDriver.connect(SourceFile:450)
	at com.zaxxer.hikari.util.DriverDataSource.getConnection(DriverDataSource.java:138)
	at com.zaxxer.hikari.pool.PoolBase.newConnection(PoolBase.java:359)
	at com.zaxxer.hikari.pool.PoolBase.newPoolEntry(PoolBase.java:201)
	at com.zaxxer.hikari.pool.HikariPool.createPoolEntry(HikariPool.java:470)
	at com.zaxxer.hikari.pool.HikariPool.checkFailFast(HikariPool.java:561)
	at com.zaxxer.hikari.pool.HikariPool.<init>(HikariPool.java:100)
	at com.zaxxer.hikari.HikariDataSource.getConnection(HikariDataSource.java:112)
	at org.springframework.jdbc.datasource.DataSourceTransactionManager.doBegin(DataSourceTransactionManager.java:269)
	at org.springframework.transaction.support.AbstractPlatformTransactionManager.startTransaction(AbstractPlatformTransactionManager.java:400)
	at org.springframework.transaction.support.AbstractPlatformTransactionManager.getTransaction(AbstractPlatformTransactionManager.java:373)
	at org.springframework.transaction.interceptor.TransactionAspectSupport.createTransactionIfNecessary(TransactionAspectSupport.java:601)
	at org.springframework.transaction.interceptor.TransactionAspectSupport.invokeWithinTransaction(TransactionAspectSupport.java:385)
	at org.springframework.transaction.interceptor.TransactionInterceptor.invoke(TransactionInterceptor.java:119)
	at org.springframework.aop.framework.ReflectiveMethodInvocation.proceed(ReflectiveMethodInvocation.java:184)
	at org.springframework.aop.framework.CglibAopProxy$CglibMethodInvocation.proceed(CglibAopProxy.java:751)
	at org.springframework.aop.framework.CglibAopProxy$DynamicAdvisedInterceptor.intercept(CglibAopProxy.java:703)
	at com.scenic.ai.service.impl.CrowdCountServiceImpl$$SpringCGLIB$$0.findExceedThresholdCounts(<generated>)
	at com.scenic.ai.service.SchedulerService.checkFlowAlerts(SchedulerService.java:53)
	at com.scenic.ai.service.SchedulerService.checkAlerts(SchedulerService.java:39)
	at java.base/jdk.internal.reflect.NativeMethodAccessorImpl.invoke0(Native Method)
	at java.base/jdk.internal.reflect.NativeMethodAccessorImpl.invoke(NativeMethodAccessorImpl.java:77)
	at java.base/jdk.internal.reflect.DelegatingMethodAccessorImpl.invoke(DelegatingMethodAccessorImpl.java:43)
	at java.base/java.lang.reflect.Method.invoke(Method.java:568)
	at org.springframework.scheduling.support.ScheduledMethodRunnable.run(ScheduledMethodRunnable.java:84)
	at org.springframework.scheduling.support.DelegatingErrorHandlingRunnable.run(DelegatingErrorHandlingRunnable.java:54)
	at org.springframework.scheduling.concurrent.ReschedulingRunnable.run(ReschedulingRunnable.java:96)
	at java.base/java.util.concurrent.Executors$RunnableAdapter.call(Executors.java:539)
	at java.base/java.util.concurrent.FutureTask.run(FutureTask.java:264)
	at java.base/java.util.concurrent.ScheduledThreadPoolExecutor$ScheduledFutureTask.run(ScheduledThreadPoolExecutor.java:304)
	at java.base/java.util.concurrent.ThreadPoolExecutor.runWorker(ThreadPoolExecutor.java:1136)
	at java.base/java.util.concurrent.ThreadPoolExecutor$Worker.run(ThreadPoolExecutor.java:635)
	at java.base/java.lang.Thread.run(Thread.java:842)
Caused by: java.net.SocketTimeoutException: Connect timed out
	at java.base/sun.nio.ch.NioSocketImpl.timedFinishConnect(NioSocketImpl.java:551)
	at java.base/sun.nio.ch.NioSocketImpl.connect(NioSocketImpl.java:602)
	at java.base/java.net.SocksSocketImpl.connect(SocksSocketImpl.java:327)
	at java.base/java.net.Socket.connect(Socket.java:633)
	at dm.jdbc.a.c.d(SourceFile:110)
	at dm.jdbc.a.c.b(SourceFile:68)
	at dm.jdbc.a.c.g(SourceFile:1)
	at dm.jdbc.a.a.init(SourceFile:209)
	... 39 common frames omitted
2025-04-14 16:30:06.029 [scheduled-task-3] ERROR com.scenic.ai.service.SchedulerService - 告警检查失败
org.springframework.transaction.CannotCreateTransactionException: Could not open JDBC Connection for transaction
	at org.springframework.jdbc.datasource.DataSourceTransactionManager.doBegin(DataSourceTransactionManager.java:313)
	at org.springframework.transaction.support.AbstractPlatformTransactionManager.startTransaction(AbstractPlatformTransactionManager.java:400)
	at org.springframework.transaction.support.AbstractPlatformTransactionManager.getTransaction(AbstractPlatformTransactionManager.java:373)
	at org.springframework.transaction.interceptor.TransactionAspectSupport.createTransactionIfNecessary(TransactionAspectSupport.java:601)
	at org.springframework.transaction.interceptor.TransactionAspectSupport.invokeWithinTransaction(TransactionAspectSupport.java:385)
	at org.springframework.transaction.interceptor.TransactionInterceptor.invoke(TransactionInterceptor.java:119)
	at org.springframework.aop.framework.ReflectiveMethodInvocation.proceed(ReflectiveMethodInvocation.java:184)
	at org.springframework.aop.framework.CglibAopProxy$CglibMethodInvocation.proceed(CglibAopProxy.java:751)
	at org.springframework.aop.framework.CglibAopProxy$DynamicAdvisedInterceptor.intercept(CglibAopProxy.java:703)
	at com.scenic.ai.service.impl.CrowdCountServiceImpl$$SpringCGLIB$$0.findExceedThresholdCounts(<generated>)
	at com.scenic.ai.service.SchedulerService.checkFlowAlerts(SchedulerService.java:53)
	at com.scenic.ai.service.SchedulerService.checkAlerts(SchedulerService.java:39)
	at java.base/jdk.internal.reflect.NativeMethodAccessorImpl.invoke0(Native Method)
	at java.base/jdk.internal.reflect.NativeMethodAccessorImpl.invoke(NativeMethodAccessorImpl.java:77)
	at java.base/jdk.internal.reflect.DelegatingMethodAccessorImpl.invoke(DelegatingMethodAccessorImpl.java:43)
	at java.base/java.lang.reflect.Method.invoke(Method.java:568)
	at org.springframework.scheduling.support.ScheduledMethodRunnable.run(ScheduledMethodRunnable.java:84)
	at org.springframework.scheduling.support.DelegatingErrorHandlingRunnable.run(DelegatingErrorHandlingRunnable.java:54)
	at org.springframework.scheduling.concurrent.ReschedulingRunnable.run(ReschedulingRunnable.java:96)
	at java.base/java.util.concurrent.Executors$RunnableAdapter.call(Executors.java:539)
	at java.base/java.util.concurrent.FutureTask.run(FutureTask.java:264)
	at java.base/java.util.concurrent.ScheduledThreadPoolExecutor$ScheduledFutureTask.run(ScheduledThreadPoolExecutor.java:304)
	at java.base/java.util.concurrent.ThreadPoolExecutor.runWorker(ThreadPoolExecutor.java:1136)
	at java.base/java.util.concurrent.ThreadPoolExecutor$Worker.run(ThreadPoolExecutor.java:635)
	at java.base/java.lang.Thread.run(Thread.java:842)
Caused by: dm.jdbc.driver.DMException: 网络通信异常
	at dm.jdbc.driver.DBError.throwException(SourceFile:847)
	at dm.jdbc.a.a.init(SourceFile:215)
	at dm.jdbc.a.a.<init>(SourceFile:182)
	at dm.jdbc.driver.DmdbConnection.openConnection(SourceFile:761)
	at dm.jdbc.internal.conf.EP.connect(SourceFile:145)
	at dm.jdbc.internal.conf.EPGroup$EPSelector.select(SourceFile:497)
	at dm.jdbc.internal.conf.EPGroup.connect(SourceFile:340)
	at dm.jdbc.driver.DmDriver.do_connect(SourceFile:164)
	at dm.jdbc.driver.DmDriver.connect(SourceFile:450)
	at com.zaxxer.hikari.util.DriverDataSource.getConnection(DriverDataSource.java:138)
	at com.zaxxer.hikari.pool.PoolBase.newConnection(PoolBase.java:359)
	at com.zaxxer.hikari.pool.PoolBase.newPoolEntry(PoolBase.java:201)
	at com.zaxxer.hikari.pool.HikariPool.createPoolEntry(HikariPool.java:470)
	at com.zaxxer.hikari.pool.HikariPool.checkFailFast(HikariPool.java:561)
	at com.zaxxer.hikari.pool.HikariPool.<init>(HikariPool.java:100)
	at com.zaxxer.hikari.HikariDataSource.getConnection(HikariDataSource.java:112)
	at org.springframework.jdbc.datasource.DataSourceTransactionManager.doBegin(DataSourceTransactionManager.java:269)
	... 24 common frames omitted
Caused by: java.net.SocketTimeoutException: Connect timed out
	at java.base/sun.nio.ch.NioSocketImpl.timedFinishConnect(NioSocketImpl.java:551)
	at java.base/sun.nio.ch.NioSocketImpl.connect(NioSocketImpl.java:602)
	at java.base/java.net.SocksSocketImpl.connect(SocksSocketImpl.java:327)
	at java.base/java.net.Socket.connect(Socket.java:633)
	at dm.jdbc.a.c.d(SourceFile:110)
	at dm.jdbc.a.c.b(SourceFile:68)
	at dm.jdbc.a.c.g(SourceFile:1)
	at dm.jdbc.a.a.init(SourceFile:209)
	... 39 common frames omitted
2025-04-14 16:30:06.049 [scheduled-task-3] ERROR com.scenic.ai.config.SchedulerConfig - Error in scheduled task
org.springframework.transaction.CannotCreateTransactionException: Could not open JDBC Connection for transaction
	at org.springframework.jdbc.datasource.DataSourceTransactionManager.doBegin(DataSourceTransactionManager.java:313)
	at org.springframework.transaction.support.AbstractPlatformTransactionManager.startTransaction(AbstractPlatformTransactionManager.java:400)
	at org.springframework.transaction.support.AbstractPlatformTransactionManager.getTransaction(AbstractPlatformTransactionManager.java:373)
	at org.springframework.transaction.interceptor.TransactionAspectSupport.createTransactionIfNecessary(TransactionAspectSupport.java:601)
	at org.springframework.transaction.interceptor.TransactionAspectSupport.invokeWithinTransaction(TransactionAspectSupport.java:385)
	at org.springframework.transaction.interceptor.TransactionInterceptor.invoke(TransactionInterceptor.java:119)
	at org.springframework.aop.framework.ReflectiveMethodInvocation.proceed(ReflectiveMethodInvocation.java:184)
	at org.springframework.aop.framework.CglibAopProxy$CglibMethodInvocation.proceed(CglibAopProxy.java:751)
	at org.springframework.aop.framework.CglibAopProxy$DynamicAdvisedInterceptor.intercept(CglibAopProxy.java:703)
	at com.scenic.ai.service.impl.CrowdCountServiceImpl$$SpringCGLIB$$0.findExceedThresholdCounts(<generated>)
	at com.scenic.ai.service.SchedulerService.checkFlowAlerts(SchedulerService.java:53)
	at com.scenic.ai.service.SchedulerService.checkAlerts(SchedulerService.java:39)
	at java.base/jdk.internal.reflect.NativeMethodAccessorImpl.invoke0(Native Method)
	at java.base/jdk.internal.reflect.NativeMethodAccessorImpl.invoke(NativeMethodAccessorImpl.java:77)
	at java.base/jdk.internal.reflect.DelegatingMethodAccessorImpl.invoke(DelegatingMethodAccessorImpl.java:43)
	at java.base/java.lang.reflect.Method.invoke(Method.java:568)
	at org.springframework.scheduling.support.ScheduledMethodRunnable.run(ScheduledMethodRunnable.java:84)
	at org.springframework.scheduling.support.DelegatingErrorHandlingRunnable.run(DelegatingErrorHandlingRunnable.java:54)
	at org.springframework.scheduling.concurrent.ReschedulingRunnable.run(ReschedulingRunnable.java:96)
	at java.base/java.util.concurrent.Executors$RunnableAdapter.call(Executors.java:539)
	at java.base/java.util.concurrent.FutureTask.run(FutureTask.java:264)
	at java.base/java.util.concurrent.ScheduledThreadPoolExecutor$ScheduledFutureTask.run(ScheduledThreadPoolExecutor.java:304)
	at java.base/java.util.concurrent.ThreadPoolExecutor.runWorker(ThreadPoolExecutor.java:1136)
	at java.base/java.util.concurrent.ThreadPoolExecutor$Worker.run(ThreadPoolExecutor.java:635)
	at java.base/java.lang.Thread.run(Thread.java:842)
Caused by: dm.jdbc.driver.DMException: 网络通信异常
	at dm.jdbc.driver.DBError.throwException(SourceFile:847)
	at dm.jdbc.a.a.init(SourceFile:215)
	at dm.jdbc.a.a.<init>(SourceFile:182)
	at dm.jdbc.driver.DmdbConnection.openConnection(SourceFile:761)
	at dm.jdbc.internal.conf.EP.connect(SourceFile:145)
	at dm.jdbc.internal.conf.EPGroup$EPSelector.select(SourceFile:497)
	at dm.jdbc.internal.conf.EPGroup.connect(SourceFile:340)
	at dm.jdbc.driver.DmDriver.do_connect(SourceFile:164)
	at dm.jdbc.driver.DmDriver.connect(SourceFile:450)
	at com.zaxxer.hikari.util.DriverDataSource.getConnection(DriverDataSource.java:138)
	at com.zaxxer.hikari.pool.PoolBase.newConnection(PoolBase.java:359)
	at com.zaxxer.hikari.pool.PoolBase.newPoolEntry(PoolBase.java:201)
	at com.zaxxer.hikari.pool.HikariPool.createPoolEntry(HikariPool.java:470)
	at com.zaxxer.hikari.pool.HikariPool.checkFailFast(HikariPool.java:561)
	at com.zaxxer.hikari.pool.HikariPool.<init>(HikariPool.java:100)
	at com.zaxxer.hikari.HikariDataSource.getConnection(HikariDataSource.java:112)
	at org.springframework.jdbc.datasource.DataSourceTransactionManager.doBegin(DataSourceTransactionManager.java:269)
	... 24 common frames omitted
Caused by: java.net.SocketTimeoutException: Connect timed out
	at java.base/sun.nio.ch.NioSocketImpl.timedFinishConnect(NioSocketImpl.java:551)
	at java.base/sun.nio.ch.NioSocketImpl.connect(NioSocketImpl.java:602)
	at java.base/java.net.SocksSocketImpl.connect(SocksSocketImpl.java:327)
	at java.base/java.net.Socket.connect(Socket.java:633)
	at dm.jdbc.a.c.d(SourceFile:110)
	at dm.jdbc.a.c.b(SourceFile:68)
	at dm.jdbc.a.c.g(SourceFile:1)
	at dm.jdbc.a.a.init(SourceFile:209)
	... 39 common frames omitted
2025-04-14 16:35:00.014 [scheduled-task-3] INFO  com.scenic.ai.service.SchedulerService - 开始检查告警条件
2025-04-14 16:35:00.014 [scheduled-task-3] INFO  com.zaxxer.hikari.HikariDataSource - HikariCP - Starting...
2025-04-14 16:35:06.028 [scheduled-task-3] ERROR com.zaxxer.hikari.pool.HikariPool - HikariCP - Exception during pool initialization.
dm.jdbc.driver.DMException: 网络通信异常
	at dm.jdbc.driver.DBError.throwException(SourceFile:847)
	at dm.jdbc.a.a.init(SourceFile:215)
	at dm.jdbc.a.a.<init>(SourceFile:182)
	at dm.jdbc.driver.DmdbConnection.openConnection(SourceFile:761)
	at dm.jdbc.internal.conf.EP.connect(SourceFile:145)
	at dm.jdbc.internal.conf.EPGroup$EPSelector.select(SourceFile:497)
	at dm.jdbc.internal.conf.EPGroup.connect(SourceFile:340)
	at dm.jdbc.driver.DmDriver.do_connect(SourceFile:164)
	at dm.jdbc.driver.DmDriver.connect(SourceFile:450)
	at com.zaxxer.hikari.util.DriverDataSource.getConnection(DriverDataSource.java:138)
	at com.zaxxer.hikari.pool.PoolBase.newConnection(PoolBase.java:359)
	at com.zaxxer.hikari.pool.PoolBase.newPoolEntry(PoolBase.java:201)
	at com.zaxxer.hikari.pool.HikariPool.createPoolEntry(HikariPool.java:470)
	at com.zaxxer.hikari.pool.HikariPool.checkFailFast(HikariPool.java:561)
	at com.zaxxer.hikari.pool.HikariPool.<init>(HikariPool.java:100)
	at com.zaxxer.hikari.HikariDataSource.getConnection(HikariDataSource.java:112)
	at org.springframework.jdbc.datasource.DataSourceTransactionManager.doBegin(DataSourceTransactionManager.java:269)
	at org.springframework.transaction.support.AbstractPlatformTransactionManager.startTransaction(AbstractPlatformTransactionManager.java:400)
	at org.springframework.transaction.support.AbstractPlatformTransactionManager.getTransaction(AbstractPlatformTransactionManager.java:373)
	at org.springframework.transaction.interceptor.TransactionAspectSupport.createTransactionIfNecessary(TransactionAspectSupport.java:601)
	at org.springframework.transaction.interceptor.TransactionAspectSupport.invokeWithinTransaction(TransactionAspectSupport.java:385)
	at org.springframework.transaction.interceptor.TransactionInterceptor.invoke(TransactionInterceptor.java:119)
	at org.springframework.aop.framework.ReflectiveMethodInvocation.proceed(ReflectiveMethodInvocation.java:184)
	at org.springframework.aop.framework.CglibAopProxy$CglibMethodInvocation.proceed(CglibAopProxy.java:751)
	at org.springframework.aop.framework.CglibAopProxy$DynamicAdvisedInterceptor.intercept(CglibAopProxy.java:703)
	at com.scenic.ai.service.impl.CrowdCountServiceImpl$$SpringCGLIB$$0.findExceedThresholdCounts(<generated>)
	at com.scenic.ai.service.SchedulerService.checkFlowAlerts(SchedulerService.java:53)
	at com.scenic.ai.service.SchedulerService.checkAlerts(SchedulerService.java:39)
	at java.base/jdk.internal.reflect.NativeMethodAccessorImpl.invoke0(Native Method)
	at java.base/jdk.internal.reflect.NativeMethodAccessorImpl.invoke(NativeMethodAccessorImpl.java:77)
	at java.base/jdk.internal.reflect.DelegatingMethodAccessorImpl.invoke(DelegatingMethodAccessorImpl.java:43)
	at java.base/java.lang.reflect.Method.invoke(Method.java:568)
	at org.springframework.scheduling.support.ScheduledMethodRunnable.run(ScheduledMethodRunnable.java:84)
	at org.springframework.scheduling.support.DelegatingErrorHandlingRunnable.run(DelegatingErrorHandlingRunnable.java:54)
	at org.springframework.scheduling.concurrent.ReschedulingRunnable.run(ReschedulingRunnable.java:96)
	at java.base/java.util.concurrent.Executors$RunnableAdapter.call(Executors.java:539)
	at java.base/java.util.concurrent.FutureTask.run(FutureTask.java:264)
	at java.base/java.util.concurrent.ScheduledThreadPoolExecutor$ScheduledFutureTask.run(ScheduledThreadPoolExecutor.java:304)
	at java.base/java.util.concurrent.ThreadPoolExecutor.runWorker(ThreadPoolExecutor.java:1136)
	at java.base/java.util.concurrent.ThreadPoolExecutor$Worker.run(ThreadPoolExecutor.java:635)
	at java.base/java.lang.Thread.run(Thread.java:842)
Caused by: java.net.SocketTimeoutException: Connect timed out
	at java.base/sun.nio.ch.NioSocketImpl.timedFinishConnect(NioSocketImpl.java:551)
	at java.base/sun.nio.ch.NioSocketImpl.connect(NioSocketImpl.java:602)
	at java.base/java.net.SocksSocketImpl.connect(SocksSocketImpl.java:327)
	at java.base/java.net.Socket.connect(Socket.java:633)
	at dm.jdbc.a.c.d(SourceFile:110)
	at dm.jdbc.a.c.b(SourceFile:68)
	at dm.jdbc.a.c.g(SourceFile:1)
	at dm.jdbc.a.a.init(SourceFile:209)
	... 39 common frames omitted
2025-04-14 16:35:06.031 [scheduled-task-3] ERROR com.scenic.ai.service.SchedulerService - 告警检查失败
org.springframework.transaction.CannotCreateTransactionException: Could not open JDBC Connection for transaction
	at org.springframework.jdbc.datasource.DataSourceTransactionManager.doBegin(DataSourceTransactionManager.java:313)
	at org.springframework.transaction.support.AbstractPlatformTransactionManager.startTransaction(AbstractPlatformTransactionManager.java:400)
	at org.springframework.transaction.support.AbstractPlatformTransactionManager.getTransaction(AbstractPlatformTransactionManager.java:373)
	at org.springframework.transaction.interceptor.TransactionAspectSupport.createTransactionIfNecessary(TransactionAspectSupport.java:601)
	at org.springframework.transaction.interceptor.TransactionAspectSupport.invokeWithinTransaction(TransactionAspectSupport.java:385)
	at org.springframework.transaction.interceptor.TransactionInterceptor.invoke(TransactionInterceptor.java:119)
	at org.springframework.aop.framework.ReflectiveMethodInvocation.proceed(ReflectiveMethodInvocation.java:184)
	at org.springframework.aop.framework.CglibAopProxy$CglibMethodInvocation.proceed(CglibAopProxy.java:751)
	at org.springframework.aop.framework.CglibAopProxy$DynamicAdvisedInterceptor.intercept(CglibAopProxy.java:703)
	at com.scenic.ai.service.impl.CrowdCountServiceImpl$$SpringCGLIB$$0.findExceedThresholdCounts(<generated>)
	at com.scenic.ai.service.SchedulerService.checkFlowAlerts(SchedulerService.java:53)
	at com.scenic.ai.service.SchedulerService.checkAlerts(SchedulerService.java:39)
	at java.base/jdk.internal.reflect.NativeMethodAccessorImpl.invoke0(Native Method)
	at java.base/jdk.internal.reflect.NativeMethodAccessorImpl.invoke(NativeMethodAccessorImpl.java:77)
	at java.base/jdk.internal.reflect.DelegatingMethodAccessorImpl.invoke(DelegatingMethodAccessorImpl.java:43)
	at java.base/java.lang.reflect.Method.invoke(Method.java:568)
	at org.springframework.scheduling.support.ScheduledMethodRunnable.run(ScheduledMethodRunnable.java:84)
	at org.springframework.scheduling.support.DelegatingErrorHandlingRunnable.run(DelegatingErrorHandlingRunnable.java:54)
	at org.springframework.scheduling.concurrent.ReschedulingRunnable.run(ReschedulingRunnable.java:96)
	at java.base/java.util.concurrent.Executors$RunnableAdapter.call(Executors.java:539)
	at java.base/java.util.concurrent.FutureTask.run(FutureTask.java:264)
	at java.base/java.util.concurrent.ScheduledThreadPoolExecutor$ScheduledFutureTask.run(ScheduledThreadPoolExecutor.java:304)
	at java.base/java.util.concurrent.ThreadPoolExecutor.runWorker(ThreadPoolExecutor.java:1136)
	at java.base/java.util.concurrent.ThreadPoolExecutor$Worker.run(ThreadPoolExecutor.java:635)
	at java.base/java.lang.Thread.run(Thread.java:842)
Caused by: dm.jdbc.driver.DMException: 网络通信异常
	at dm.jdbc.driver.DBError.throwException(SourceFile:847)
	at dm.jdbc.a.a.init(SourceFile:215)
	at dm.jdbc.a.a.<init>(SourceFile:182)
	at dm.jdbc.driver.DmdbConnection.openConnection(SourceFile:761)
	at dm.jdbc.internal.conf.EP.connect(SourceFile:145)
	at dm.jdbc.internal.conf.EPGroup$EPSelector.select(SourceFile:497)
	at dm.jdbc.internal.conf.EPGroup.connect(SourceFile:340)
	at dm.jdbc.driver.DmDriver.do_connect(SourceFile:164)
	at dm.jdbc.driver.DmDriver.connect(SourceFile:450)
	at com.zaxxer.hikari.util.DriverDataSource.getConnection(DriverDataSource.java:138)
	at com.zaxxer.hikari.pool.PoolBase.newConnection(PoolBase.java:359)
	at com.zaxxer.hikari.pool.PoolBase.newPoolEntry(PoolBase.java:201)
	at com.zaxxer.hikari.pool.HikariPool.createPoolEntry(HikariPool.java:470)
	at com.zaxxer.hikari.pool.HikariPool.checkFailFast(HikariPool.java:561)
	at com.zaxxer.hikari.pool.HikariPool.<init>(HikariPool.java:100)
	at com.zaxxer.hikari.HikariDataSource.getConnection(HikariDataSource.java:112)
	at org.springframework.jdbc.datasource.DataSourceTransactionManager.doBegin(DataSourceTransactionManager.java:269)
	... 24 common frames omitted
Caused by: java.net.SocketTimeoutException: Connect timed out
	at java.base/sun.nio.ch.NioSocketImpl.timedFinishConnect(NioSocketImpl.java:551)
	at java.base/sun.nio.ch.NioSocketImpl.connect(NioSocketImpl.java:602)
	at java.base/java.net.SocksSocketImpl.connect(SocksSocketImpl.java:327)
	at java.base/java.net.Socket.connect(Socket.java:633)
	at dm.jdbc.a.c.d(SourceFile:110)
	at dm.jdbc.a.c.b(SourceFile:68)
	at dm.jdbc.a.c.g(SourceFile:1)
	at dm.jdbc.a.a.init(SourceFile:209)
	... 39 common frames omitted
2025-04-14 16:35:06.043 [scheduled-task-3] ERROR com.scenic.ai.config.SchedulerConfig - Error in scheduled task
org.springframework.transaction.CannotCreateTransactionException: Could not open JDBC Connection for transaction
	at org.springframework.jdbc.datasource.DataSourceTransactionManager.doBegin(DataSourceTransactionManager.java:313)
	at org.springframework.transaction.support.AbstractPlatformTransactionManager.startTransaction(AbstractPlatformTransactionManager.java:400)
	at org.springframework.transaction.support.AbstractPlatformTransactionManager.getTransaction(AbstractPlatformTransactionManager.java:373)
	at org.springframework.transaction.interceptor.TransactionAspectSupport.createTransactionIfNecessary(TransactionAspectSupport.java:601)
	at org.springframework.transaction.interceptor.TransactionAspectSupport.invokeWithinTransaction(TransactionAspectSupport.java:385)
	at org.springframework.transaction.interceptor.TransactionInterceptor.invoke(TransactionInterceptor.java:119)
	at org.springframework.aop.framework.ReflectiveMethodInvocation.proceed(ReflectiveMethodInvocation.java:184)
	at org.springframework.aop.framework.CglibAopProxy$CglibMethodInvocation.proceed(CglibAopProxy.java:751)
	at org.springframework.aop.framework.CglibAopProxy$DynamicAdvisedInterceptor.intercept(CglibAopProxy.java:703)
	at com.scenic.ai.service.impl.CrowdCountServiceImpl$$SpringCGLIB$$0.findExceedThresholdCounts(<generated>)
	at com.scenic.ai.service.SchedulerService.checkFlowAlerts(SchedulerService.java:53)
	at com.scenic.ai.service.SchedulerService.checkAlerts(SchedulerService.java:39)
	at java.base/jdk.internal.reflect.NativeMethodAccessorImpl.invoke0(Native Method)
	at java.base/jdk.internal.reflect.NativeMethodAccessorImpl.invoke(NativeMethodAccessorImpl.java:77)
	at java.base/jdk.internal.reflect.DelegatingMethodAccessorImpl.invoke(DelegatingMethodAccessorImpl.java:43)
	at java.base/java.lang.reflect.Method.invoke(Method.java:568)
	at org.springframework.scheduling.support.ScheduledMethodRunnable.run(ScheduledMethodRunnable.java:84)
	at org.springframework.scheduling.support.DelegatingErrorHandlingRunnable.run(DelegatingErrorHandlingRunnable.java:54)
	at org.springframework.scheduling.concurrent.ReschedulingRunnable.run(ReschedulingRunnable.java:96)
	at java.base/java.util.concurrent.Executors$RunnableAdapter.call(Executors.java:539)
	at java.base/java.util.concurrent.FutureTask.run(FutureTask.java:264)
	at java.base/java.util.concurrent.ScheduledThreadPoolExecutor$ScheduledFutureTask.run(ScheduledThreadPoolExecutor.java:304)
	at java.base/java.util.concurrent.ThreadPoolExecutor.runWorker(ThreadPoolExecutor.java:1136)
	at java.base/java.util.concurrent.ThreadPoolExecutor$Worker.run(ThreadPoolExecutor.java:635)
	at java.base/java.lang.Thread.run(Thread.java:842)
Caused by: dm.jdbc.driver.DMException: 网络通信异常
	at dm.jdbc.driver.DBError.throwException(SourceFile:847)
	at dm.jdbc.a.a.init(SourceFile:215)
	at dm.jdbc.a.a.<init>(SourceFile:182)
	at dm.jdbc.driver.DmdbConnection.openConnection(SourceFile:761)
	at dm.jdbc.internal.conf.EP.connect(SourceFile:145)
	at dm.jdbc.internal.conf.EPGroup$EPSelector.select(SourceFile:497)
	at dm.jdbc.internal.conf.EPGroup.connect(SourceFile:340)
	at dm.jdbc.driver.DmDriver.do_connect(SourceFile:164)
	at dm.jdbc.driver.DmDriver.connect(SourceFile:450)
	at com.zaxxer.hikari.util.DriverDataSource.getConnection(DriverDataSource.java:138)
	at com.zaxxer.hikari.pool.PoolBase.newConnection(PoolBase.java:359)
	at com.zaxxer.hikari.pool.PoolBase.newPoolEntry(PoolBase.java:201)
	at com.zaxxer.hikari.pool.HikariPool.createPoolEntry(HikariPool.java:470)
	at com.zaxxer.hikari.pool.HikariPool.checkFailFast(HikariPool.java:561)
	at com.zaxxer.hikari.pool.HikariPool.<init>(HikariPool.java:100)
	at com.zaxxer.hikari.HikariDataSource.getConnection(HikariDataSource.java:112)
	at org.springframework.jdbc.datasource.DataSourceTransactionManager.doBegin(DataSourceTransactionManager.java:269)
	... 24 common frames omitted
Caused by: java.net.SocketTimeoutException: Connect timed out
	at java.base/sun.nio.ch.NioSocketImpl.timedFinishConnect(NioSocketImpl.java:551)
	at java.base/sun.nio.ch.NioSocketImpl.connect(NioSocketImpl.java:602)
	at java.base/java.net.SocksSocketImpl.connect(SocksSocketImpl.java:327)
	at java.base/java.net.Socket.connect(Socket.java:633)
	at dm.jdbc.a.c.d(SourceFile:110)
	at dm.jdbc.a.c.b(SourceFile:68)
	at dm.jdbc.a.c.g(SourceFile:1)
	at dm.jdbc.a.a.init(SourceFile:209)
	... 39 common frames omitted
2025-04-14 16:40:00.021 [scheduled-task-3] INFO  com.scenic.ai.service.SchedulerService - 开始检查告警条件
2025-04-14 16:40:00.021 [scheduled-task-3] INFO  com.zaxxer.hikari.HikariDataSource - HikariCP - Starting...
2025-04-14 16:40:06.043 [scheduled-task-3] ERROR com.zaxxer.hikari.pool.HikariPool - HikariCP - Exception during pool initialization.
dm.jdbc.driver.DMException: 网络通信异常
	at dm.jdbc.driver.DBError.throwException(SourceFile:847)
	at dm.jdbc.a.a.init(SourceFile:215)
	at dm.jdbc.a.a.<init>(SourceFile:182)
	at dm.jdbc.driver.DmdbConnection.openConnection(SourceFile:761)
	at dm.jdbc.internal.conf.EP.connect(SourceFile:145)
	at dm.jdbc.internal.conf.EPGroup$EPSelector.select(SourceFile:497)
	at dm.jdbc.internal.conf.EPGroup.connect(SourceFile:340)
	at dm.jdbc.driver.DmDriver.do_connect(SourceFile:164)
	at dm.jdbc.driver.DmDriver.connect(SourceFile:450)
	at com.zaxxer.hikari.util.DriverDataSource.getConnection(DriverDataSource.java:138)
	at com.zaxxer.hikari.pool.PoolBase.newConnection(PoolBase.java:359)
	at com.zaxxer.hikari.pool.PoolBase.newPoolEntry(PoolBase.java:201)
	at com.zaxxer.hikari.pool.HikariPool.createPoolEntry(HikariPool.java:470)
	at com.zaxxer.hikari.pool.HikariPool.checkFailFast(HikariPool.java:561)
	at com.zaxxer.hikari.pool.HikariPool.<init>(HikariPool.java:100)
	at com.zaxxer.hikari.HikariDataSource.getConnection(HikariDataSource.java:112)
	at org.springframework.jdbc.datasource.DataSourceTransactionManager.doBegin(DataSourceTransactionManager.java:269)
	at org.springframework.transaction.support.AbstractPlatformTransactionManager.startTransaction(AbstractPlatformTransactionManager.java:400)
	at org.springframework.transaction.support.AbstractPlatformTransactionManager.getTransaction(AbstractPlatformTransactionManager.java:373)
	at org.springframework.transaction.interceptor.TransactionAspectSupport.createTransactionIfNecessary(TransactionAspectSupport.java:601)
	at org.springframework.transaction.interceptor.TransactionAspectSupport.invokeWithinTransaction(TransactionAspectSupport.java:385)
	at org.springframework.transaction.interceptor.TransactionInterceptor.invoke(TransactionInterceptor.java:119)
	at org.springframework.aop.framework.ReflectiveMethodInvocation.proceed(ReflectiveMethodInvocation.java:184)
	at org.springframework.aop.framework.CglibAopProxy$CglibMethodInvocation.proceed(CglibAopProxy.java:751)
	at org.springframework.aop.framework.CglibAopProxy$DynamicAdvisedInterceptor.intercept(CglibAopProxy.java:703)
	at com.scenic.ai.service.impl.CrowdCountServiceImpl$$SpringCGLIB$$0.findExceedThresholdCounts(<generated>)
	at com.scenic.ai.service.SchedulerService.checkFlowAlerts(SchedulerService.java:53)
	at com.scenic.ai.service.SchedulerService.checkAlerts(SchedulerService.java:39)
	at java.base/jdk.internal.reflect.NativeMethodAccessorImpl.invoke0(Native Method)
	at java.base/jdk.internal.reflect.NativeMethodAccessorImpl.invoke(NativeMethodAccessorImpl.java:77)
	at java.base/jdk.internal.reflect.DelegatingMethodAccessorImpl.invoke(DelegatingMethodAccessorImpl.java:43)
	at java.base/java.lang.reflect.Method.invoke(Method.java:568)
	at org.springframework.scheduling.support.ScheduledMethodRunnable.run(ScheduledMethodRunnable.java:84)
	at org.springframework.scheduling.support.DelegatingErrorHandlingRunnable.run(DelegatingErrorHandlingRunnable.java:54)
	at org.springframework.scheduling.concurrent.ReschedulingRunnable.run(ReschedulingRunnable.java:96)
	at java.base/java.util.concurrent.Executors$RunnableAdapter.call(Executors.java:539)
	at java.base/java.util.concurrent.FutureTask.run(FutureTask.java:264)
	at java.base/java.util.concurrent.ScheduledThreadPoolExecutor$ScheduledFutureTask.run(ScheduledThreadPoolExecutor.java:304)
	at java.base/java.util.concurrent.ThreadPoolExecutor.runWorker(ThreadPoolExecutor.java:1136)
	at java.base/java.util.concurrent.ThreadPoolExecutor$Worker.run(ThreadPoolExecutor.java:635)
	at java.base/java.lang.Thread.run(Thread.java:842)
Caused by: java.net.SocketTimeoutException: Connect timed out
	at java.base/sun.nio.ch.NioSocketImpl.timedFinishConnect(NioSocketImpl.java:551)
	at java.base/sun.nio.ch.NioSocketImpl.connect(NioSocketImpl.java:602)
	at java.base/java.net.SocksSocketImpl.connect(SocksSocketImpl.java:327)
	at java.base/java.net.Socket.connect(Socket.java:633)
	at dm.jdbc.a.c.d(SourceFile:110)
	at dm.jdbc.a.c.b(SourceFile:68)
	at dm.jdbc.a.c.g(SourceFile:1)
	at dm.jdbc.a.a.init(SourceFile:209)
	... 39 common frames omitted
2025-04-14 16:40:06.046 [scheduled-task-3] ERROR com.scenic.ai.service.SchedulerService - 告警检查失败
org.springframework.transaction.CannotCreateTransactionException: Could not open JDBC Connection for transaction
	at org.springframework.jdbc.datasource.DataSourceTransactionManager.doBegin(DataSourceTransactionManager.java:313)
	at org.springframework.transaction.support.AbstractPlatformTransactionManager.startTransaction(AbstractPlatformTransactionManager.java:400)
	at org.springframework.transaction.support.AbstractPlatformTransactionManager.getTransaction(AbstractPlatformTransactionManager.java:373)
	at org.springframework.transaction.interceptor.TransactionAspectSupport.createTransactionIfNecessary(TransactionAspectSupport.java:601)
	at org.springframework.transaction.interceptor.TransactionAspectSupport.invokeWithinTransaction(TransactionAspectSupport.java:385)
	at org.springframework.transaction.interceptor.TransactionInterceptor.invoke(TransactionInterceptor.java:119)
	at org.springframework.aop.framework.ReflectiveMethodInvocation.proceed(ReflectiveMethodInvocation.java:184)
	at org.springframework.aop.framework.CglibAopProxy$CglibMethodInvocation.proceed(CglibAopProxy.java:751)
	at org.springframework.aop.framework.CglibAopProxy$DynamicAdvisedInterceptor.intercept(CglibAopProxy.java:703)
	at com.scenic.ai.service.impl.CrowdCountServiceImpl$$SpringCGLIB$$0.findExceedThresholdCounts(<generated>)
	at com.scenic.ai.service.SchedulerService.checkFlowAlerts(SchedulerService.java:53)
	at com.scenic.ai.service.SchedulerService.checkAlerts(SchedulerService.java:39)
	at java.base/jdk.internal.reflect.NativeMethodAccessorImpl.invoke0(Native Method)
	at java.base/jdk.internal.reflect.NativeMethodAccessorImpl.invoke(NativeMethodAccessorImpl.java:77)
	at java.base/jdk.internal.reflect.DelegatingMethodAccessorImpl.invoke(DelegatingMethodAccessorImpl.java:43)
	at java.base/java.lang.reflect.Method.invoke(Method.java:568)
	at org.springframework.scheduling.support.ScheduledMethodRunnable.run(ScheduledMethodRunnable.java:84)
	at org.springframework.scheduling.support.DelegatingErrorHandlingRunnable.run(DelegatingErrorHandlingRunnable.java:54)
	at org.springframework.scheduling.concurrent.ReschedulingRunnable.run(ReschedulingRunnable.java:96)
	at java.base/java.util.concurrent.Executors$RunnableAdapter.call(Executors.java:539)
	at java.base/java.util.concurrent.FutureTask.run(FutureTask.java:264)
	at java.base/java.util.concurrent.ScheduledThreadPoolExecutor$ScheduledFutureTask.run(ScheduledThreadPoolExecutor.java:304)
	at java.base/java.util.concurrent.ThreadPoolExecutor.runWorker(ThreadPoolExecutor.java:1136)
	at java.base/java.util.concurrent.ThreadPoolExecutor$Worker.run(ThreadPoolExecutor.java:635)
	at java.base/java.lang.Thread.run(Thread.java:842)
Caused by: dm.jdbc.driver.DMException: 网络通信异常
	at dm.jdbc.driver.DBError.throwException(SourceFile:847)
	at dm.jdbc.a.a.init(SourceFile:215)
	at dm.jdbc.a.a.<init>(SourceFile:182)
	at dm.jdbc.driver.DmdbConnection.openConnection(SourceFile:761)
	at dm.jdbc.internal.conf.EP.connect(SourceFile:145)
	at dm.jdbc.internal.conf.EPGroup$EPSelector.select(SourceFile:497)
	at dm.jdbc.internal.conf.EPGroup.connect(SourceFile:340)
	at dm.jdbc.driver.DmDriver.do_connect(SourceFile:164)
	at dm.jdbc.driver.DmDriver.connect(SourceFile:450)
	at com.zaxxer.hikari.util.DriverDataSource.getConnection(DriverDataSource.java:138)
	at com.zaxxer.hikari.pool.PoolBase.newConnection(PoolBase.java:359)
	at com.zaxxer.hikari.pool.PoolBase.newPoolEntry(PoolBase.java:201)
	at com.zaxxer.hikari.pool.HikariPool.createPoolEntry(HikariPool.java:470)
	at com.zaxxer.hikari.pool.HikariPool.checkFailFast(HikariPool.java:561)
	at com.zaxxer.hikari.pool.HikariPool.<init>(HikariPool.java:100)
	at com.zaxxer.hikari.HikariDataSource.getConnection(HikariDataSource.java:112)
	at org.springframework.jdbc.datasource.DataSourceTransactionManager.doBegin(DataSourceTransactionManager.java:269)
	... 24 common frames omitted
Caused by: java.net.SocketTimeoutException: Connect timed out
	at java.base/sun.nio.ch.NioSocketImpl.timedFinishConnect(NioSocketImpl.java:551)
	at java.base/sun.nio.ch.NioSocketImpl.connect(NioSocketImpl.java:602)
	at java.base/java.net.SocksSocketImpl.connect(SocksSocketImpl.java:327)
	at java.base/java.net.Socket.connect(Socket.java:633)
	at dm.jdbc.a.c.d(SourceFile:110)
	at dm.jdbc.a.c.b(SourceFile:68)
	at dm.jdbc.a.c.g(SourceFile:1)
	at dm.jdbc.a.a.init(SourceFile:209)
	... 39 common frames omitted
2025-04-14 16:40:06.046 [scheduled-task-3] ERROR com.scenic.ai.config.SchedulerConfig - Error in scheduled task
org.springframework.transaction.CannotCreateTransactionException: Could not open JDBC Connection for transaction
	at org.springframework.jdbc.datasource.DataSourceTransactionManager.doBegin(DataSourceTransactionManager.java:313)
	at org.springframework.transaction.support.AbstractPlatformTransactionManager.startTransaction(AbstractPlatformTransactionManager.java:400)
	at org.springframework.transaction.support.AbstractPlatformTransactionManager.getTransaction(AbstractPlatformTransactionManager.java:373)
	at org.springframework.transaction.interceptor.TransactionAspectSupport.createTransactionIfNecessary(TransactionAspectSupport.java:601)
	at org.springframework.transaction.interceptor.TransactionAspectSupport.invokeWithinTransaction(TransactionAspectSupport.java:385)
	at org.springframework.transaction.interceptor.TransactionInterceptor.invoke(TransactionInterceptor.java:119)
	at org.springframework.aop.framework.ReflectiveMethodInvocation.proceed(ReflectiveMethodInvocation.java:184)
	at org.springframework.aop.framework.CglibAopProxy$CglibMethodInvocation.proceed(CglibAopProxy.java:751)
	at org.springframework.aop.framework.CglibAopProxy$DynamicAdvisedInterceptor.intercept(CglibAopProxy.java:703)
	at com.scenic.ai.service.impl.CrowdCountServiceImpl$$SpringCGLIB$$0.findExceedThresholdCounts(<generated>)
	at com.scenic.ai.service.SchedulerService.checkFlowAlerts(SchedulerService.java:53)
	at com.scenic.ai.service.SchedulerService.checkAlerts(SchedulerService.java:39)
	at java.base/jdk.internal.reflect.NativeMethodAccessorImpl.invoke0(Native Method)
	at java.base/jdk.internal.reflect.NativeMethodAccessorImpl.invoke(NativeMethodAccessorImpl.java:77)
	at java.base/jdk.internal.reflect.DelegatingMethodAccessorImpl.invoke(DelegatingMethodAccessorImpl.java:43)
	at java.base/java.lang.reflect.Method.invoke(Method.java:568)
	at org.springframework.scheduling.support.ScheduledMethodRunnable.run(ScheduledMethodRunnable.java:84)
	at org.springframework.scheduling.support.DelegatingErrorHandlingRunnable.run(DelegatingErrorHandlingRunnable.java:54)
	at org.springframework.scheduling.concurrent.ReschedulingRunnable.run(ReschedulingRunnable.java:96)
	at java.base/java.util.concurrent.Executors$RunnableAdapter.call(Executors.java:539)
	at java.base/java.util.concurrent.FutureTask.run(FutureTask.java:264)
	at java.base/java.util.concurrent.ScheduledThreadPoolExecutor$ScheduledFutureTask.run(ScheduledThreadPoolExecutor.java:304)
	at java.base/java.util.concurrent.ThreadPoolExecutor.runWorker(ThreadPoolExecutor.java:1136)
	at java.base/java.util.concurrent.ThreadPoolExecutor$Worker.run(ThreadPoolExecutor.java:635)
	at java.base/java.lang.Thread.run(Thread.java:842)
Caused by: dm.jdbc.driver.DMException: 网络通信异常
	at dm.jdbc.driver.DBError.throwException(SourceFile:847)
	at dm.jdbc.a.a.init(SourceFile:215)
	at dm.jdbc.a.a.<init>(SourceFile:182)
	at dm.jdbc.driver.DmdbConnection.openConnection(SourceFile:761)
	at dm.jdbc.internal.conf.EP.connect(SourceFile:145)
	at dm.jdbc.internal.conf.EPGroup$EPSelector.select(SourceFile:497)
	at dm.jdbc.internal.conf.EPGroup.connect(SourceFile:340)
	at dm.jdbc.driver.DmDriver.do_connect(SourceFile:164)
	at dm.jdbc.driver.DmDriver.connect(SourceFile:450)
	at com.zaxxer.hikari.util.DriverDataSource.getConnection(DriverDataSource.java:138)
	at com.zaxxer.hikari.pool.PoolBase.newConnection(PoolBase.java:359)
	at com.zaxxer.hikari.pool.PoolBase.newPoolEntry(PoolBase.java:201)
	at com.zaxxer.hikari.pool.HikariPool.createPoolEntry(HikariPool.java:470)
	at com.zaxxer.hikari.pool.HikariPool.checkFailFast(HikariPool.java:561)
	at com.zaxxer.hikari.pool.HikariPool.<init>(HikariPool.java:100)
	at com.zaxxer.hikari.HikariDataSource.getConnection(HikariDataSource.java:112)
	at org.springframework.jdbc.datasource.DataSourceTransactionManager.doBegin(DataSourceTransactionManager.java:269)
	... 24 common frames omitted
Caused by: java.net.SocketTimeoutException: Connect timed out
	at java.base/sun.nio.ch.NioSocketImpl.timedFinishConnect(NioSocketImpl.java:551)
	at java.base/sun.nio.ch.NioSocketImpl.connect(NioSocketImpl.java:602)
	at java.base/java.net.SocksSocketImpl.connect(SocksSocketImpl.java:327)
	at java.base/java.net.Socket.connect(Socket.java:633)
	at dm.jdbc.a.c.d(SourceFile:110)
	at dm.jdbc.a.c.b(SourceFile:68)
	at dm.jdbc.a.c.g(SourceFile:1)
	at dm.jdbc.a.a.init(SourceFile:209)
	... 39 common frames omitted
2025-04-14 16:45:00.008 [scheduled-task-3] INFO  com.scenic.ai.service.SchedulerService - 开始检查告警条件
2025-04-14 16:45:00.008 [scheduled-task-3] INFO  com.zaxxer.hikari.HikariDataSource - HikariCP - Starting...
2025-04-14 16:45:06.020 [scheduled-task-3] ERROR com.zaxxer.hikari.pool.HikariPool - HikariCP - Exception during pool initialization.
dm.jdbc.driver.DMException: 网络通信异常
	at dm.jdbc.driver.DBError.throwException(SourceFile:847)
	at dm.jdbc.a.a.init(SourceFile:215)
	at dm.jdbc.a.a.<init>(SourceFile:182)
	at dm.jdbc.driver.DmdbConnection.openConnection(SourceFile:761)
	at dm.jdbc.internal.conf.EP.connect(SourceFile:145)
	at dm.jdbc.internal.conf.EPGroup$EPSelector.select(SourceFile:497)
	at dm.jdbc.internal.conf.EPGroup.connect(SourceFile:340)
	at dm.jdbc.driver.DmDriver.do_connect(SourceFile:164)
	at dm.jdbc.driver.DmDriver.connect(SourceFile:450)
	at com.zaxxer.hikari.util.DriverDataSource.getConnection(DriverDataSource.java:138)
	at com.zaxxer.hikari.pool.PoolBase.newConnection(PoolBase.java:359)
	at com.zaxxer.hikari.pool.PoolBase.newPoolEntry(PoolBase.java:201)
	at com.zaxxer.hikari.pool.HikariPool.createPoolEntry(HikariPool.java:470)
	at com.zaxxer.hikari.pool.HikariPool.checkFailFast(HikariPool.java:561)
	at com.zaxxer.hikari.pool.HikariPool.<init>(HikariPool.java:100)
	at com.zaxxer.hikari.HikariDataSource.getConnection(HikariDataSource.java:112)
	at org.springframework.jdbc.datasource.DataSourceTransactionManager.doBegin(DataSourceTransactionManager.java:269)
	at org.springframework.transaction.support.AbstractPlatformTransactionManager.startTransaction(AbstractPlatformTransactionManager.java:400)
	at org.springframework.transaction.support.AbstractPlatformTransactionManager.getTransaction(AbstractPlatformTransactionManager.java:373)
	at org.springframework.transaction.interceptor.TransactionAspectSupport.createTransactionIfNecessary(TransactionAspectSupport.java:601)
	at org.springframework.transaction.interceptor.TransactionAspectSupport.invokeWithinTransaction(TransactionAspectSupport.java:385)
	at org.springframework.transaction.interceptor.TransactionInterceptor.invoke(TransactionInterceptor.java:119)
	at org.springframework.aop.framework.ReflectiveMethodInvocation.proceed(ReflectiveMethodInvocation.java:184)
	at org.springframework.aop.framework.CglibAopProxy$CglibMethodInvocation.proceed(CglibAopProxy.java:751)
	at org.springframework.aop.framework.CglibAopProxy$DynamicAdvisedInterceptor.intercept(CglibAopProxy.java:703)
	at com.scenic.ai.service.impl.CrowdCountServiceImpl$$SpringCGLIB$$0.findExceedThresholdCounts(<generated>)
	at com.scenic.ai.service.SchedulerService.checkFlowAlerts(SchedulerService.java:53)
	at com.scenic.ai.service.SchedulerService.checkAlerts(SchedulerService.java:39)
	at java.base/jdk.internal.reflect.NativeMethodAccessorImpl.invoke0(Native Method)
	at java.base/jdk.internal.reflect.NativeMethodAccessorImpl.invoke(NativeMethodAccessorImpl.java:77)
	at java.base/jdk.internal.reflect.DelegatingMethodAccessorImpl.invoke(DelegatingMethodAccessorImpl.java:43)
	at java.base/java.lang.reflect.Method.invoke(Method.java:568)
	at org.springframework.scheduling.support.ScheduledMethodRunnable.run(ScheduledMethodRunnable.java:84)
	at org.springframework.scheduling.support.DelegatingErrorHandlingRunnable.run(DelegatingErrorHandlingRunnable.java:54)
	at org.springframework.scheduling.concurrent.ReschedulingRunnable.run(ReschedulingRunnable.java:96)
	at java.base/java.util.concurrent.Executors$RunnableAdapter.call(Executors.java:539)
	at java.base/java.util.concurrent.FutureTask.run(FutureTask.java:264)
	at java.base/java.util.concurrent.ScheduledThreadPoolExecutor$ScheduledFutureTask.run(ScheduledThreadPoolExecutor.java:304)
	at java.base/java.util.concurrent.ThreadPoolExecutor.runWorker(ThreadPoolExecutor.java:1136)
	at java.base/java.util.concurrent.ThreadPoolExecutor$Worker.run(ThreadPoolExecutor.java:635)
	at java.base/java.lang.Thread.run(Thread.java:842)
Caused by: java.net.SocketTimeoutException: Connect timed out
	at java.base/sun.nio.ch.NioSocketImpl.timedFinishConnect(NioSocketImpl.java:551)
	at java.base/sun.nio.ch.NioSocketImpl.connect(NioSocketImpl.java:602)
	at java.base/java.net.SocksSocketImpl.connect(SocksSocketImpl.java:327)
	at java.base/java.net.Socket.connect(Socket.java:633)
	at dm.jdbc.a.c.d(SourceFile:110)
	at dm.jdbc.a.c.b(SourceFile:68)
	at dm.jdbc.a.c.g(SourceFile:1)
	at dm.jdbc.a.a.init(SourceFile:209)
	... 39 common frames omitted
2025-04-14 16:45:06.024 [scheduled-task-3] ERROR com.scenic.ai.service.SchedulerService - 告警检查失败
org.springframework.transaction.CannotCreateTransactionException: Could not open JDBC Connection for transaction
	at org.springframework.jdbc.datasource.DataSourceTransactionManager.doBegin(DataSourceTransactionManager.java:313)
	at org.springframework.transaction.support.AbstractPlatformTransactionManager.startTransaction(AbstractPlatformTransactionManager.java:400)
	at org.springframework.transaction.support.AbstractPlatformTransactionManager.getTransaction(AbstractPlatformTransactionManager.java:373)
	at org.springframework.transaction.interceptor.TransactionAspectSupport.createTransactionIfNecessary(TransactionAspectSupport.java:601)
	at org.springframework.transaction.interceptor.TransactionAspectSupport.invokeWithinTransaction(TransactionAspectSupport.java:385)
	at org.springframework.transaction.interceptor.TransactionInterceptor.invoke(TransactionInterceptor.java:119)
	at org.springframework.aop.framework.ReflectiveMethodInvocation.proceed(ReflectiveMethodInvocation.java:184)
	at org.springframework.aop.framework.CglibAopProxy$CglibMethodInvocation.proceed(CglibAopProxy.java:751)
	at org.springframework.aop.framework.CglibAopProxy$DynamicAdvisedInterceptor.intercept(CglibAopProxy.java:703)
	at com.scenic.ai.service.impl.CrowdCountServiceImpl$$SpringCGLIB$$0.findExceedThresholdCounts(<generated>)
	at com.scenic.ai.service.SchedulerService.checkFlowAlerts(SchedulerService.java:53)
	at com.scenic.ai.service.SchedulerService.checkAlerts(SchedulerService.java:39)
	at java.base/jdk.internal.reflect.NativeMethodAccessorImpl.invoke0(Native Method)
	at java.base/jdk.internal.reflect.NativeMethodAccessorImpl.invoke(NativeMethodAccessorImpl.java:77)
	at java.base/jdk.internal.reflect.DelegatingMethodAccessorImpl.invoke(DelegatingMethodAccessorImpl.java:43)
	at java.base/java.lang.reflect.Method.invoke(Method.java:568)
	at org.springframework.scheduling.support.ScheduledMethodRunnable.run(ScheduledMethodRunnable.java:84)
	at org.springframework.scheduling.support.DelegatingErrorHandlingRunnable.run(DelegatingErrorHandlingRunnable.java:54)
	at org.springframework.scheduling.concurrent.ReschedulingRunnable.run(ReschedulingRunnable.java:96)
	at java.base/java.util.concurrent.Executors$RunnableAdapter.call(Executors.java:539)
	at java.base/java.util.concurrent.FutureTask.run(FutureTask.java:264)
	at java.base/java.util.concurrent.ScheduledThreadPoolExecutor$ScheduledFutureTask.run(ScheduledThreadPoolExecutor.java:304)
	at java.base/java.util.concurrent.ThreadPoolExecutor.runWorker(ThreadPoolExecutor.java:1136)
	at java.base/java.util.concurrent.ThreadPoolExecutor$Worker.run(ThreadPoolExecutor.java:635)
	at java.base/java.lang.Thread.run(Thread.java:842)
Caused by: dm.jdbc.driver.DMException: 网络通信异常
	at dm.jdbc.driver.DBError.throwException(SourceFile:847)
	at dm.jdbc.a.a.init(SourceFile:215)
	at dm.jdbc.a.a.<init>(SourceFile:182)
	at dm.jdbc.driver.DmdbConnection.openConnection(SourceFile:761)
	at dm.jdbc.internal.conf.EP.connect(SourceFile:145)
	at dm.jdbc.internal.conf.EPGroup$EPSelector.select(SourceFile:497)
	at dm.jdbc.internal.conf.EPGroup.connect(SourceFile:340)
	at dm.jdbc.driver.DmDriver.do_connect(SourceFile:164)
	at dm.jdbc.driver.DmDriver.connect(SourceFile:450)
	at com.zaxxer.hikari.util.DriverDataSource.getConnection(DriverDataSource.java:138)
	at com.zaxxer.hikari.pool.PoolBase.newConnection(PoolBase.java:359)
	at com.zaxxer.hikari.pool.PoolBase.newPoolEntry(PoolBase.java:201)
	at com.zaxxer.hikari.pool.HikariPool.createPoolEntry(HikariPool.java:470)
	at com.zaxxer.hikari.pool.HikariPool.checkFailFast(HikariPool.java:561)
	at com.zaxxer.hikari.pool.HikariPool.<init>(HikariPool.java:100)
	at com.zaxxer.hikari.HikariDataSource.getConnection(HikariDataSource.java:112)
	at org.springframework.jdbc.datasource.DataSourceTransactionManager.doBegin(DataSourceTransactionManager.java:269)
	... 24 common frames omitted
Caused by: java.net.SocketTimeoutException: Connect timed out
	at java.base/sun.nio.ch.NioSocketImpl.timedFinishConnect(NioSocketImpl.java:551)
	at java.base/sun.nio.ch.NioSocketImpl.connect(NioSocketImpl.java:602)
	at java.base/java.net.SocksSocketImpl.connect(SocksSocketImpl.java:327)
	at java.base/java.net.Socket.connect(Socket.java:633)
	at dm.jdbc.a.c.d(SourceFile:110)
	at dm.jdbc.a.c.b(SourceFile:68)
	at dm.jdbc.a.c.g(SourceFile:1)
	at dm.jdbc.a.a.init(SourceFile:209)
	... 39 common frames omitted
2025-04-14 16:45:06.034 [scheduled-task-3] ERROR com.scenic.ai.config.SchedulerConfig - Error in scheduled task
org.springframework.transaction.CannotCreateTransactionException: Could not open JDBC Connection for transaction
	at org.springframework.jdbc.datasource.DataSourceTransactionManager.doBegin(DataSourceTransactionManager.java:313)
	at org.springframework.transaction.support.AbstractPlatformTransactionManager.startTransaction(AbstractPlatformTransactionManager.java:400)
	at org.springframework.transaction.support.AbstractPlatformTransactionManager.getTransaction(AbstractPlatformTransactionManager.java:373)
	at org.springframework.transaction.interceptor.TransactionAspectSupport.createTransactionIfNecessary(TransactionAspectSupport.java:601)
	at org.springframework.transaction.interceptor.TransactionAspectSupport.invokeWithinTransaction(TransactionAspectSupport.java:385)
	at org.springframework.transaction.interceptor.TransactionInterceptor.invoke(TransactionInterceptor.java:119)
	at org.springframework.aop.framework.ReflectiveMethodInvocation.proceed(ReflectiveMethodInvocation.java:184)
	at org.springframework.aop.framework.CglibAopProxy$CglibMethodInvocation.proceed(CglibAopProxy.java:751)
	at org.springframework.aop.framework.CglibAopProxy$DynamicAdvisedInterceptor.intercept(CglibAopProxy.java:703)
	at com.scenic.ai.service.impl.CrowdCountServiceImpl$$SpringCGLIB$$0.findExceedThresholdCounts(<generated>)
	at com.scenic.ai.service.SchedulerService.checkFlowAlerts(SchedulerService.java:53)
	at com.scenic.ai.service.SchedulerService.checkAlerts(SchedulerService.java:39)
	at java.base/jdk.internal.reflect.NativeMethodAccessorImpl.invoke0(Native Method)
	at java.base/jdk.internal.reflect.NativeMethodAccessorImpl.invoke(NativeMethodAccessorImpl.java:77)
	at java.base/jdk.internal.reflect.DelegatingMethodAccessorImpl.invoke(DelegatingMethodAccessorImpl.java:43)
	at java.base/java.lang.reflect.Method.invoke(Method.java:568)
	at org.springframework.scheduling.support.ScheduledMethodRunnable.run(ScheduledMethodRunnable.java:84)
	at org.springframework.scheduling.support.DelegatingErrorHandlingRunnable.run(DelegatingErrorHandlingRunnable.java:54)
	at org.springframework.scheduling.concurrent.ReschedulingRunnable.run(ReschedulingRunnable.java:96)
	at java.base/java.util.concurrent.Executors$RunnableAdapter.call(Executors.java:539)
	at java.base/java.util.concurrent.FutureTask.run(FutureTask.java:264)
	at java.base/java.util.concurrent.ScheduledThreadPoolExecutor$ScheduledFutureTask.run(ScheduledThreadPoolExecutor.java:304)
	at java.base/java.util.concurrent.ThreadPoolExecutor.runWorker(ThreadPoolExecutor.java:1136)
	at java.base/java.util.concurrent.ThreadPoolExecutor$Worker.run(ThreadPoolExecutor.java:635)
	at java.base/java.lang.Thread.run(Thread.java:842)
Caused by: dm.jdbc.driver.DMException: 网络通信异常
	at dm.jdbc.driver.DBError.throwException(SourceFile:847)
	at dm.jdbc.a.a.init(SourceFile:215)
	at dm.jdbc.a.a.<init>(SourceFile:182)
	at dm.jdbc.driver.DmdbConnection.openConnection(SourceFile:761)
	at dm.jdbc.internal.conf.EP.connect(SourceFile:145)
	at dm.jdbc.internal.conf.EPGroup$EPSelector.select(SourceFile:497)
	at dm.jdbc.internal.conf.EPGroup.connect(SourceFile:340)
	at dm.jdbc.driver.DmDriver.do_connect(SourceFile:164)
	at dm.jdbc.driver.DmDriver.connect(SourceFile:450)
	at com.zaxxer.hikari.util.DriverDataSource.getConnection(DriverDataSource.java:138)
	at com.zaxxer.hikari.pool.PoolBase.newConnection(PoolBase.java:359)
	at com.zaxxer.hikari.pool.PoolBase.newPoolEntry(PoolBase.java:201)
	at com.zaxxer.hikari.pool.HikariPool.createPoolEntry(HikariPool.java:470)
	at com.zaxxer.hikari.pool.HikariPool.checkFailFast(HikariPool.java:561)
	at com.zaxxer.hikari.pool.HikariPool.<init>(HikariPool.java:100)
	at com.zaxxer.hikari.HikariDataSource.getConnection(HikariDataSource.java:112)
	at org.springframework.jdbc.datasource.DataSourceTransactionManager.doBegin(DataSourceTransactionManager.java:269)
	... 24 common frames omitted
Caused by: java.net.SocketTimeoutException: Connect timed out
	at java.base/sun.nio.ch.NioSocketImpl.timedFinishConnect(NioSocketImpl.java:551)
	at java.base/sun.nio.ch.NioSocketImpl.connect(NioSocketImpl.java:602)
	at java.base/java.net.SocksSocketImpl.connect(SocksSocketImpl.java:327)
	at java.base/java.net.Socket.connect(Socket.java:633)
	at dm.jdbc.a.c.d(SourceFile:110)
	at dm.jdbc.a.c.b(SourceFile:68)
	at dm.jdbc.a.c.g(SourceFile:1)
	at dm.jdbc.a.a.init(SourceFile:209)
	... 39 common frames omitted
2025-04-14 16:50:00.001 [scheduled-task-3] INFO  com.scenic.ai.service.SchedulerService - 开始检查告警条件
2025-04-14 16:50:00.003 [scheduled-task-3] INFO  com.zaxxer.hikari.HikariDataSource - HikariCP - Starting...
2025-04-14 16:50:06.026 [scheduled-task-3] ERROR com.zaxxer.hikari.pool.HikariPool - HikariCP - Exception during pool initialization.
dm.jdbc.driver.DMException: 网络通信异常
	at dm.jdbc.driver.DBError.throwException(SourceFile:847)
	at dm.jdbc.a.a.init(SourceFile:215)
	at dm.jdbc.a.a.<init>(SourceFile:182)
	at dm.jdbc.driver.DmdbConnection.openConnection(SourceFile:761)
	at dm.jdbc.internal.conf.EP.connect(SourceFile:145)
	at dm.jdbc.internal.conf.EPGroup$EPSelector.select(SourceFile:497)
	at dm.jdbc.internal.conf.EPGroup.connect(SourceFile:340)
	at dm.jdbc.driver.DmDriver.do_connect(SourceFile:164)
	at dm.jdbc.driver.DmDriver.connect(SourceFile:450)
	at com.zaxxer.hikari.util.DriverDataSource.getConnection(DriverDataSource.java:138)
	at com.zaxxer.hikari.pool.PoolBase.newConnection(PoolBase.java:359)
	at com.zaxxer.hikari.pool.PoolBase.newPoolEntry(PoolBase.java:201)
	at com.zaxxer.hikari.pool.HikariPool.createPoolEntry(HikariPool.java:470)
	at com.zaxxer.hikari.pool.HikariPool.checkFailFast(HikariPool.java:561)
	at com.zaxxer.hikari.pool.HikariPool.<init>(HikariPool.java:100)
	at com.zaxxer.hikari.HikariDataSource.getConnection(HikariDataSource.java:112)
	at org.springframework.jdbc.datasource.DataSourceTransactionManager.doBegin(DataSourceTransactionManager.java:269)
	at org.springframework.transaction.support.AbstractPlatformTransactionManager.startTransaction(AbstractPlatformTransactionManager.java:400)
	at org.springframework.transaction.support.AbstractPlatformTransactionManager.getTransaction(AbstractPlatformTransactionManager.java:373)
	at org.springframework.transaction.interceptor.TransactionAspectSupport.createTransactionIfNecessary(TransactionAspectSupport.java:601)
	at org.springframework.transaction.interceptor.TransactionAspectSupport.invokeWithinTransaction(TransactionAspectSupport.java:385)
	at org.springframework.transaction.interceptor.TransactionInterceptor.invoke(TransactionInterceptor.java:119)
	at org.springframework.aop.framework.ReflectiveMethodInvocation.proceed(ReflectiveMethodInvocation.java:184)
	at org.springframework.aop.framework.CglibAopProxy$CglibMethodInvocation.proceed(CglibAopProxy.java:751)
	at org.springframework.aop.framework.CglibAopProxy$DynamicAdvisedInterceptor.intercept(CglibAopProxy.java:703)
	at com.scenic.ai.service.impl.CrowdCountServiceImpl$$SpringCGLIB$$0.findExceedThresholdCounts(<generated>)
	at com.scenic.ai.service.SchedulerService.checkFlowAlerts(SchedulerService.java:53)
	at com.scenic.ai.service.SchedulerService.checkAlerts(SchedulerService.java:39)
	at java.base/jdk.internal.reflect.NativeMethodAccessorImpl.invoke0(Native Method)
	at java.base/jdk.internal.reflect.NativeMethodAccessorImpl.invoke(NativeMethodAccessorImpl.java:77)
	at java.base/jdk.internal.reflect.DelegatingMethodAccessorImpl.invoke(DelegatingMethodAccessorImpl.java:43)
	at java.base/java.lang.reflect.Method.invoke(Method.java:568)
	at org.springframework.scheduling.support.ScheduledMethodRunnable.run(ScheduledMethodRunnable.java:84)
	at org.springframework.scheduling.support.DelegatingErrorHandlingRunnable.run(DelegatingErrorHandlingRunnable.java:54)
	at org.springframework.scheduling.concurrent.ReschedulingRunnable.run(ReschedulingRunnable.java:96)
	at java.base/java.util.concurrent.Executors$RunnableAdapter.call(Executors.java:539)
	at java.base/java.util.concurrent.FutureTask.run(FutureTask.java:264)
	at java.base/java.util.concurrent.ScheduledThreadPoolExecutor$ScheduledFutureTask.run(ScheduledThreadPoolExecutor.java:304)
	at java.base/java.util.concurrent.ThreadPoolExecutor.runWorker(ThreadPoolExecutor.java:1136)
	at java.base/java.util.concurrent.ThreadPoolExecutor$Worker.run(ThreadPoolExecutor.java:635)
	at java.base/java.lang.Thread.run(Thread.java:842)
Caused by: java.net.SocketTimeoutException: Connect timed out
	at java.base/sun.nio.ch.NioSocketImpl.timedFinishConnect(NioSocketImpl.java:551)
	at java.base/sun.nio.ch.NioSocketImpl.connect(NioSocketImpl.java:602)
	at java.base/java.net.SocksSocketImpl.connect(SocksSocketImpl.java:327)
	at java.base/java.net.Socket.connect(Socket.java:633)
	at dm.jdbc.a.c.d(SourceFile:110)
	at dm.jdbc.a.c.b(SourceFile:68)
	at dm.jdbc.a.c.g(SourceFile:1)
	at dm.jdbc.a.a.init(SourceFile:209)
	... 39 common frames omitted
2025-04-14 16:50:06.043 [scheduled-task-3] ERROR com.scenic.ai.service.SchedulerService - 告警检查失败
org.springframework.transaction.CannotCreateTransactionException: Could not open JDBC Connection for transaction
	at org.springframework.jdbc.datasource.DataSourceTransactionManager.doBegin(DataSourceTransactionManager.java:313)
	at org.springframework.transaction.support.AbstractPlatformTransactionManager.startTransaction(AbstractPlatformTransactionManager.java:400)
	at org.springframework.transaction.support.AbstractPlatformTransactionManager.getTransaction(AbstractPlatformTransactionManager.java:373)
	at org.springframework.transaction.interceptor.TransactionAspectSupport.createTransactionIfNecessary(TransactionAspectSupport.java:601)
	at org.springframework.transaction.interceptor.TransactionAspectSupport.invokeWithinTransaction(TransactionAspectSupport.java:385)
	at org.springframework.transaction.interceptor.TransactionInterceptor.invoke(TransactionInterceptor.java:119)
	at org.springframework.aop.framework.ReflectiveMethodInvocation.proceed(ReflectiveMethodInvocation.java:184)
	at org.springframework.aop.framework.CglibAopProxy$CglibMethodInvocation.proceed(CglibAopProxy.java:751)
	at org.springframework.aop.framework.CglibAopProxy$DynamicAdvisedInterceptor.intercept(CglibAopProxy.java:703)
	at com.scenic.ai.service.impl.CrowdCountServiceImpl$$SpringCGLIB$$0.findExceedThresholdCounts(<generated>)
	at com.scenic.ai.service.SchedulerService.checkFlowAlerts(SchedulerService.java:53)
	at com.scenic.ai.service.SchedulerService.checkAlerts(SchedulerService.java:39)
	at java.base/jdk.internal.reflect.NativeMethodAccessorImpl.invoke0(Native Method)
	at java.base/jdk.internal.reflect.NativeMethodAccessorImpl.invoke(NativeMethodAccessorImpl.java:77)
	at java.base/jdk.internal.reflect.DelegatingMethodAccessorImpl.invoke(DelegatingMethodAccessorImpl.java:43)
	at java.base/java.lang.reflect.Method.invoke(Method.java:568)
	at org.springframework.scheduling.support.ScheduledMethodRunnable.run(ScheduledMethodRunnable.java:84)
	at org.springframework.scheduling.support.DelegatingErrorHandlingRunnable.run(DelegatingErrorHandlingRunnable.java:54)
	at org.springframework.scheduling.concurrent.ReschedulingRunnable.run(ReschedulingRunnable.java:96)
	at java.base/java.util.concurrent.Executors$RunnableAdapter.call(Executors.java:539)
	at java.base/java.util.concurrent.FutureTask.run(FutureTask.java:264)
	at java.base/java.util.concurrent.ScheduledThreadPoolExecutor$ScheduledFutureTask.run(ScheduledThreadPoolExecutor.java:304)
	at java.base/java.util.concurrent.ThreadPoolExecutor.runWorker(ThreadPoolExecutor.java:1136)
	at java.base/java.util.concurrent.ThreadPoolExecutor$Worker.run(ThreadPoolExecutor.java:635)
	at java.base/java.lang.Thread.run(Thread.java:842)
Caused by: dm.jdbc.driver.DMException: 网络通信异常
	at dm.jdbc.driver.DBError.throwException(SourceFile:847)
	at dm.jdbc.a.a.init(SourceFile:215)
	at dm.jdbc.a.a.<init>(SourceFile:182)
	at dm.jdbc.driver.DmdbConnection.openConnection(SourceFile:761)
	at dm.jdbc.internal.conf.EP.connect(SourceFile:145)
	at dm.jdbc.internal.conf.EPGroup$EPSelector.select(SourceFile:497)
	at dm.jdbc.internal.conf.EPGroup.connect(SourceFile:340)
	at dm.jdbc.driver.DmDriver.do_connect(SourceFile:164)
	at dm.jdbc.driver.DmDriver.connect(SourceFile:450)
	at com.zaxxer.hikari.util.DriverDataSource.getConnection(DriverDataSource.java:138)
	at com.zaxxer.hikari.pool.PoolBase.newConnection(PoolBase.java:359)
	at com.zaxxer.hikari.pool.PoolBase.newPoolEntry(PoolBase.java:201)
	at com.zaxxer.hikari.pool.HikariPool.createPoolEntry(HikariPool.java:470)
	at com.zaxxer.hikari.pool.HikariPool.checkFailFast(HikariPool.java:561)
	at com.zaxxer.hikari.pool.HikariPool.<init>(HikariPool.java:100)
	at com.zaxxer.hikari.HikariDataSource.getConnection(HikariDataSource.java:112)
	at org.springframework.jdbc.datasource.DataSourceTransactionManager.doBegin(DataSourceTransactionManager.java:269)
	... 24 common frames omitted
Caused by: java.net.SocketTimeoutException: Connect timed out
	at java.base/sun.nio.ch.NioSocketImpl.timedFinishConnect(NioSocketImpl.java:551)
	at java.base/sun.nio.ch.NioSocketImpl.connect(NioSocketImpl.java:602)
	at java.base/java.net.SocksSocketImpl.connect(SocksSocketImpl.java:327)
	at java.base/java.net.Socket.connect(Socket.java:633)
	at dm.jdbc.a.c.d(SourceFile:110)
	at dm.jdbc.a.c.b(SourceFile:68)
	at dm.jdbc.a.c.g(SourceFile:1)
	at dm.jdbc.a.a.init(SourceFile:209)
	... 39 common frames omitted
2025-04-14 16:50:06.069 [scheduled-task-3] ERROR com.scenic.ai.config.SchedulerConfig - Error in scheduled task
org.springframework.transaction.CannotCreateTransactionException: Could not open JDBC Connection for transaction
	at org.springframework.jdbc.datasource.DataSourceTransactionManager.doBegin(DataSourceTransactionManager.java:313)
	at org.springframework.transaction.support.AbstractPlatformTransactionManager.startTransaction(AbstractPlatformTransactionManager.java:400)
	at org.springframework.transaction.support.AbstractPlatformTransactionManager.getTransaction(AbstractPlatformTransactionManager.java:373)
	at org.springframework.transaction.interceptor.TransactionAspectSupport.createTransactionIfNecessary(TransactionAspectSupport.java:601)
	at org.springframework.transaction.interceptor.TransactionAspectSupport.invokeWithinTransaction(TransactionAspectSupport.java:385)
	at org.springframework.transaction.interceptor.TransactionInterceptor.invoke(TransactionInterceptor.java:119)
	at org.springframework.aop.framework.ReflectiveMethodInvocation.proceed(ReflectiveMethodInvocation.java:184)
	at org.springframework.aop.framework.CglibAopProxy$CglibMethodInvocation.proceed(CglibAopProxy.java:751)
	at org.springframework.aop.framework.CglibAopProxy$DynamicAdvisedInterceptor.intercept(CglibAopProxy.java:703)
	at com.scenic.ai.service.impl.CrowdCountServiceImpl$$SpringCGLIB$$0.findExceedThresholdCounts(<generated>)
	at com.scenic.ai.service.SchedulerService.checkFlowAlerts(SchedulerService.java:53)
	at com.scenic.ai.service.SchedulerService.checkAlerts(SchedulerService.java:39)
	at java.base/jdk.internal.reflect.NativeMethodAccessorImpl.invoke0(Native Method)
	at java.base/jdk.internal.reflect.NativeMethodAccessorImpl.invoke(NativeMethodAccessorImpl.java:77)
	at java.base/jdk.internal.reflect.DelegatingMethodAccessorImpl.invoke(DelegatingMethodAccessorImpl.java:43)
	at java.base/java.lang.reflect.Method.invoke(Method.java:568)
	at org.springframework.scheduling.support.ScheduledMethodRunnable.run(ScheduledMethodRunnable.java:84)
	at org.springframework.scheduling.support.DelegatingErrorHandlingRunnable.run(DelegatingErrorHandlingRunnable.java:54)
	at org.springframework.scheduling.concurrent.ReschedulingRunnable.run(ReschedulingRunnable.java:96)
	at java.base/java.util.concurrent.Executors$RunnableAdapter.call(Executors.java:539)
	at java.base/java.util.concurrent.FutureTask.run(FutureTask.java:264)
	at java.base/java.util.concurrent.ScheduledThreadPoolExecutor$ScheduledFutureTask.run(ScheduledThreadPoolExecutor.java:304)
	at java.base/java.util.concurrent.ThreadPoolExecutor.runWorker(ThreadPoolExecutor.java:1136)
	at java.base/java.util.concurrent.ThreadPoolExecutor$Worker.run(ThreadPoolExecutor.java:635)
	at java.base/java.lang.Thread.run(Thread.java:842)
Caused by: dm.jdbc.driver.DMException: 网络通信异常
	at dm.jdbc.driver.DBError.throwException(SourceFile:847)
	at dm.jdbc.a.a.init(SourceFile:215)
	at dm.jdbc.a.a.<init>(SourceFile:182)
	at dm.jdbc.driver.DmdbConnection.openConnection(SourceFile:761)
	at dm.jdbc.internal.conf.EP.connect(SourceFile:145)
	at dm.jdbc.internal.conf.EPGroup$EPSelector.select(SourceFile:497)
	at dm.jdbc.internal.conf.EPGroup.connect(SourceFile:340)
	at dm.jdbc.driver.DmDriver.do_connect(SourceFile:164)
	at dm.jdbc.driver.DmDriver.connect(SourceFile:450)
	at com.zaxxer.hikari.util.DriverDataSource.getConnection(DriverDataSource.java:138)
	at com.zaxxer.hikari.pool.PoolBase.newConnection(PoolBase.java:359)
	at com.zaxxer.hikari.pool.PoolBase.newPoolEntry(PoolBase.java:201)
	at com.zaxxer.hikari.pool.HikariPool.createPoolEntry(HikariPool.java:470)
	at com.zaxxer.hikari.pool.HikariPool.checkFailFast(HikariPool.java:561)
	at com.zaxxer.hikari.pool.HikariPool.<init>(HikariPool.java:100)
	at com.zaxxer.hikari.HikariDataSource.getConnection(HikariDataSource.java:112)
	at org.springframework.jdbc.datasource.DataSourceTransactionManager.doBegin(DataSourceTransactionManager.java:269)
	... 24 common frames omitted
Caused by: java.net.SocketTimeoutException: Connect timed out
	at java.base/sun.nio.ch.NioSocketImpl.timedFinishConnect(NioSocketImpl.java:551)
	at java.base/sun.nio.ch.NioSocketImpl.connect(NioSocketImpl.java:602)
	at java.base/java.net.SocksSocketImpl.connect(SocksSocketImpl.java:327)
	at java.base/java.net.Socket.connect(Socket.java:633)
	at dm.jdbc.a.c.d(SourceFile:110)
	at dm.jdbc.a.c.b(SourceFile:68)
	at dm.jdbc.a.c.g(SourceFile:1)
	at dm.jdbc.a.a.init(SourceFile:209)
	... 39 common frames omitted
